Siruta,Localitate,Categorie dominanta
1017,Municipiul Alba Iulia,Femei_45-64
1071,Ciugud,Femei_45-64
1151,Oras Abrud,Barbati_45-64
1213,Municipiul Aiud,Barbati_45-64
1348,Municipiul Blaj,Femei_45-64
1455,Oras Campeni,Barbati_45-64
1696,Oras Cugir,Femei_45-64
1794,Oras Ocna Mures,Barbati_45-64
1874,Municipiul Sebes,Femei_45-64
1936,Oras Zlatna,Barbati_45-64
2130,Albac,Barbati_45-64
2309,Almasu Mare,Barbati_45-64
2381,Arieseni,Barbati_45-64
2577,Avram Iancu,Barbati_45-64
2915,Oras Baia De Aries,Barbati_45-64
2988,Berghin,Barbati_45-64
3039,Bistra,Barbati_45-64
3397,Blandiana,Barbati_45-64
3459,Bucium,Barbati_45-64
3761,Cenade,Barbati_45-64
3805,Cergau,Barbati_45-64
3841,Ceru-Bacainti,Barbati_45-64
3958,Cetatea De Balta,Barbati_45-64
4008,Ciuruleasa,Barbati_45-64
4106,Calnic,Barbati_45-64
4142,Cricau,Barbati_45-64
4188,Craciunelu De Jos,Barbati_45-64
4240,Daia Romana,Barbati_45-64
4268,Dostat,Barbati_45-64
4302,Farau,Barbati_45-64
4366,Galda De Jos,Barbati_45-64
4482,Garbova,Barbati_45-64
4525,Garda De Sus,Barbati_45-64
4703,Hoparta,Barbati_45-64
4767,Horea,Barbati_45-64
4927,Ighiu,Barbati_45-64
4981,Intregalde,Barbati_45-64
5103,Jidvei,Barbati_45-64
5167,Livezile,Barbati_45-64
5210,Lopadea Noua,Barbati_45-64
5309,Lunca Muresului,Barbati_45-64
5336,Lupsa,Barbati_45-64
5577,Metes,Barbati_45-64
5700,Mihalt,Barbati_45-64
5755,Miraslau,Barbati_45-64
5826,Mogos,Barbati_45-64
6048,Noslac,Barbati_45-64
6119,Ocolis,Barbati_45-64
6164,Ohaba,Femei_65_
6217,Pianu,Barbati_45-64
6271,Poiana Vadului,Barbati_45-64
6397,Ponor,Barbati_45-64
6468,Posaga,Femei_45-64
6547,Radesti,Barbati_45-64
6592,Rametea,Femei_45-64
6627,Ramet,Femei_45-64
6761,Rosia Montana,Barbati_45-64
6930,Rosia De Secas,Barbati_45-64
6976,Salciua,Barbati_45-64
7044,Salistea,Barbati_45-64
7099,Sasciori,Barbati_45-64
7197,Scarisoara,Barbati_45-64
7348,Sancel,Barbati_45-64
7384,Santimbru,Femei_45-64
7446,Sohodol,Barbati_45-64
7767,Stremt,Barbati_45-64
7810,Sibot,Barbati_45-64
7865,Sona,Barbati_45-64
7945,Spring,Barbati_45-64
8014,Sugag,Barbati_45-64
8096,Oras Teius,Barbati_45-64
8158,Unirea,Barbati_45-64
8229,Vadu Motilor,Barbati_45-64
8354,Valea Lunga,Barbati_45-64
8425,Vidra,Barbati_45-64
8826,Vintu De Jos,Barbati_45-64
9019,Cut,Barbati_45-64
9026,Bucerdea Granoasa,Barbati_45-64
9262,Municipiul Arad,Barbati_45-64
9280,Fantanele,Barbati_45-64
9333,Livada,Barbati_45-64
9360,Sofronea,Barbati_45-64
9397,Vladimirescu,Barbati_45-64
9459,Oras Chisineu-Cris,Barbati_45-64
9495,Oras Curtici,Barbati_45-64
9538,Oras Ineu,Barbati_45-64
9574,Oras Lipova,Barbati_45-64
9627,Oras Nadlac,Femei_45-64
9654,Oras Pancota,Barbati_45-64
9690,Oras Sebis,Barbati_45-64
9743,Almas,Barbati_45-64
9798,Apateu,Barbati_45-64
9832,Archis,Barbati_45-64
9887,Bata,Barbati_45-64
9930,Beliu,Barbati_45-64
10006,Birchis,Barbati_45-64
10051,Barsa,Barbati_45-64
10104,Barzava,Barbati_45-64
10195,Bocsig,Barbati_45-64
10239,Brazii,Barbati_45-64
10293,Buteni,Barbati_45-64
10346,Carand,Barbati_45-64
10373,Cermei,Barbati_45-64
10417,Chisindia,Barbati_45-64
10453,Conop,Femei_45-64
10514,Covasint,Barbati_45-64
10532,Craiva,Barbati_45-64
10649,Dezna,Femei_45-64
10701,Dieci,Femei_45-64
10765,Ususau,Barbati_45-64
10827,Felnac,Barbati_45-64
10872,Ghioroc,Barbati_45-64
10916,Graniceri,Barbati_45-64
10943,Gurahont,Barbati_45-64
11058,Halmagiu,Barbati_45-64
11174,Halmagel,Barbati_45-64
11236,Hasmas,Barbati_45-64
11307,Ignesti,Barbati_45-64
11352,Iratosu,Barbati_45-64
11398,Macea,Barbati_45-64
11423,Misca,Barbati_45-64
11478,Moneasa,Barbati_45-64
11502,Olari,Barbati_45-64
11539,Paulis,Barbati_45-64
11584,Oras Pecica,Barbati_45-64
11637,Peregu Mare,Barbati_45-64
11664,Petris,Barbati_45-64
11735,Pilu,Barbati_45-64
11762,Plescuta,Barbati_45-64
11842,Savarsin,Barbati_45-64
11940,Secusigiu,Barbati_45-64
11995,Seleus,Barbati_45-64
12037,Semlac,Barbati_45-64
12055,Sintea Mare,Barbati_45-64
12091,Oras Santana,Barbati_45-64
12126,Socodor,Barbati_45-64
12144,Sagu,Barbati_45-64
12206,Seitin,Barbati_45-64
12224,Sepreus,Barbati_45-64
12242,Sicula,Barbati_45-64
12288,Silindia,Barbati_45-64
12340,Simand,Barbati_45-64
12368,Siria,Barbati_45-64
12402,Sistarovat,Barbati_45-64
12457,Taut,Barbati_45-64
12509,Tarnova,Barbati_45-64
12572,Varadia De Mures,Barbati_45-64
12643,Vinga,Barbati_45-64
12689,Varfurile,Barbati_45-64
12778,Zabrani,Barbati_45-64
12812,Zarand,Barbati_45-64
12849,Zerind,Femei_45-64
12876,Zimandu Nou,Barbati_45-64
12912,Dorobanti,Barbati_45-64
12920,Frumuseni,Barbati_45-64
12938,Zadareni,Barbati_45-64
13169,Municipiul Pitesti,Femei_45-64
13187,Bascov,Barbati_45-64
13276,Bradu,Barbati_45-64
13301,Oras Mioveni,Barbati_45-64
13365,Maracineni,Femei_45-64
13392,Oras Stefanesti,Barbati_45-64
13490,Municipiul Campulung,Femei_45-64
13524,Valea Mare Pravat,Barbati_45-64
13622,Municipiul Curtea De Arges,Femei_45-64
13668,Oras Costesti,Barbati_45-64
13757,Oras Topoloveni,Barbati_45-64
13819,Albestii De Arges,Barbati_45-64
13891,Albestii De Muscel,Barbati_45-64
13935,Albota,Barbati_45-64
13999,Aninoasa,Barbati_45-64
14049,Arefu,Barbati_45-64
14085,Babana,Barbati_45-64
14165,Baiculesti,Barbati_45-64
14272,Balilesti,Barbati_45-64
14352,Beleti-Negresti,Barbati_45-64
14405,Berevoesti,Barbati_45-64
14450,Barla,Barbati_45-64
14584,Bogati,Barbati_45-64
14673,Boteni,Barbati_45-64
14726,Botesti,Barbati_45-64
14753,Bradulet,Femei_45-64
14851,Budeasa,Barbati_45-64
14922,Bughea De Jos,Barbati_45-64
14940,Buzoesti,Barbati_45-64
15064,Caldararu,Barbati_45-64
15108,Calinesti,Barbati_45-64
15233,Cateasca,Barbati_45-64
15313,Cepari,Barbati_45-64
15402,Cetateni,Barbati_45-64
15448,Cicanesti,Barbati_45-64
15493,Ciofrangeni,Barbati_45-64
15554,Ciomagesti,Barbati_45-64
15652,Cocu,Barbati_45-64
15741,Corbeni,Barbati_45-64
15830,Corbi,Femei_45-64
15901,Cosesti,Barbati_45-64
15983,Cotmeana,Barbati_45-64
16132,Cuca,Barbati_45-64
16285,Davidesti,Barbati_45-64
16329,Dambovicioara,Barbati_45-64
16365,Darmanesti,Barbati_45-64
16427,Dobresti,Barbati_45-64
16454,Domnesti,Barbati_45-64
16472,Dragoslavele,Barbati_45-64
16506,Draganu,Barbati_45-64
16551,Godeni,Barbati_45-64
16613,Harsesti,Barbati_45-64
16659,Hartiesti,Barbati_45-64
16739,Izvoru,Barbati_45-64
16757,Leordeni,Barbati_45-64
16908,Leresti,Barbati_45-64
16944,Lunca Corbului,Barbati_45-64
17049,Malureni,Barbati_45-64
17101,Merisani,Barbati_45-64
17209,Micesti,Barbati_45-64
17254,Mihaesti,Barbati_45-64
17334,Mioarele,Barbati_45-64
17398,Mirosi,Barbati_45-64
17423,Moraresti,Barbati_45-64
17496,Mosoaia,Barbati_45-64
17575,Mozaceni,Barbati_45-64
17619,Musatesti,Barbati_45-64
17726,Negrasi,Barbati_45-64
17771,Nucsoara,Barbati_45-64
17824,Oarja,Barbati_45-64
17851,Pietrosani,Barbati_45-64
17913,Poienarii De Arges,Femei_45-64
17968,Poienarii De Muscel,Barbati_45-64
18028,Poiana Lacului,Barbati_45-64
18162,Popesti,Barbati_45-64
18242,Priboieni,Barbati_45-64
18331,Ratesti,Barbati_45-64
18411,Recea,Barbati_45-64
18475,Rociu,Femei_65_
18527,Rucar,Barbati_45-64
18554,Salatrucu,Femei_45-64
18581,Sapata,Barbati_45-64
18670,Schitu Golesti,Barbati_45-64
18741,Slobozia,Barbati_45-64
18778,Stalpeni,Barbati_45-64
18858,Stoenesti,Barbati_45-64
18938,Stolnici,Barbati_45-64
19007,Suseni,Barbati_45-64
19114,Stefan Cel Mare,Barbati_45-64
19141,Suici,Femei_45-64
19212,Teiu,Barbati_45-64
19249,Tigveni,Barbati_45-64
19338,Titesti,Barbati_45-64
19392,Uda,Barbati_45-64
19560,Ungheni,Barbati_45-64
19631,Valea Danului,Barbati_45-64
19695,Valea Iasului,Barbati_45-64
19793,Vedea,Barbati_45-64
19999,Vladesti,Barbati_45-64
20048,Raca,Barbati_45-64
20055,Vulturesti,Barbati_45-64
20063,Bughea De Sus,Barbati_45-64
20297,Municipiul Bacau,Femei_45-64
20313,Hemeius,Barbati_45-64
20359,Letea Veche,Barbati_45-64
20411,Magura,Barbati_45-64
20466,Margineni,Barbati_45-64
20563,Municipiul Onesti,Femei_45-64
20607,Gura Vaii,Barbati_45-64
20670,Stefan Cel Mare,Barbati_45-64
20778,Oras Buhusi,Femei_45-64
20821,Oras Comanesti,Femei_45-64
20876,Municipiul Moinesti,Barbati_45-64
20910,Oras Slanic-Moldova,Barbati_45-64
20965,Oras Targu Ocna,Femei_45-64
21007,Agas,Barbati_45-64
21098,Ardeoani,Barbati_45-64
21123,Asau,Barbati_45-64
21196,Balcani,Barbati_45-64
21249,Beresti-Bistrita,Barbati_45-64
21338,Beresti-Tazlau,Barbati_45-64
21418,Berzunti,Barbati_45-64
21454,Barsanesti,Barbati_45-64
21506,Blagesti,Barbati_45-64
21560,Bogdanesti,Barbati_45-64
21597,Brusturoasa,Barbati_45-64
21668,Buhoci,Barbati_45-64
21720,Casin,Barbati_45-64
21757,Caiuti,Barbati_45-64
21855,Cleja,Barbati_45-64
21891,Colonesti,Barbati_45-64
21971,Corbasca,Barbati_45-64
22059,Cotofanesti,Barbati_45-64
22111,Damienesti,Barbati_45-64
22166,Oras Darmanesti,Femei_45-64
22237,Dealu Morii,Barbati_45-64
22380,Dofteana,Barbati_45-64
22460,Faraoani,Femei_45-64
22488,Filipeni,Barbati_45-64
22576,Filipesti,Barbati_45-64
22665,Gaiceana,Barbati_45-64
22718,Ghimes-Faget,Barbati_45-64
22781,Garleni,Femei_45-64
22834,Glavanesti,Barbati_45-64
22898,Helegiu,Barbati_45-64
22941,Horgesti,Barbati_45-64
23047,Huruiesti,Barbati_45-64
23127,Izvoru Berheciului,Barbati_45-64
23207,Lipova,Barbati_45-64
23289,Livezi,Barbati_45-64
23350,Luizi-Calugara,Barbati_45-64
23387,Magiresti,Barbati_45-64
23449,Manastirea Casin,Barbati_45-64
23494,Motoseni,Barbati_45-64
23644,Negri,Barbati_45-64
23715,Nicolae Balcescu,Barbati_45-64
23797,Oituz,Barbati_45-64
23868,Oncesti,Barbati_45-64
23948,Orbeni,Barbati_45-64
23975,Palanca,Barbati_45-64
24034,Parava,Barbati_45-64
24089,Parincea,Barbati_45-64
24187,Pancesti,Barbati_45-64
24276,Pargaresti,Barbati_45-64
24338,Parjol,Barbati_45-64
24427,Plopana,Barbati_45-64
24524,Podu Turcului,Barbati_45-64
24631,Poduri,Barbati_45-64
24711,Racova,Barbati_45-64
24766,Racaciuni,Barbati_45-64
24837,Rachitoasa,Barbati_45-64
24999,Rosiori,Barbati_45-64
25068,Sascut,Barbati_45-64
25148,Sanduleni,Barbati_45-64
25228,Saucesti,Barbati_45-64
25291,Scorteni,Barbati_45-64
25362,Secuieni,Barbati_45-64
25488,Solont,Barbati_45-64
25521,Stanisesti,Barbati_45-64
25629,Strugari,Barbati_45-64
25692,Tamasi,Barbati_45-64
25745,Tatarasti,Barbati_45-64
25825,Targu Trotus,Barbati_45-64
25861,Traian,Barbati_45-64
25932,Ungureni,Barbati_45-64
26029,Urechesti,Barbati_45-64
26083,Valea Seaca,Barbati_45-64
26118,Vultureni,Barbati_45-64
26289,Zemes,Barbati_45-64
26320,Sarata,Barbati_45-64
26338,Buciumi,Barbati_45-64
26346,Gioseni,Barbati_45-64
26353,Odobesti,Barbati_45-64
26361,Prajesti,Barbati_45-64
26379,Itesti,Barbati_45-64
26564,Municipiul Oradea,Femei_45-64
26582,Sanmartin,Barbati_45-64
26653,Santandrei,Barbati_45-64
26699,Oras Alesd,Barbati_45-64
26742,Astileu,Barbati_45-64
26804,Municipiul Beius,Femei_45-64
26840,Oras Stei,Barbati_45-64
26877,Municipiul Marghita,Femei_45-64
26920,Oras Nucet,Barbati_45-64
26975,Municipiul Salonta,Femei_45-64
27007,Oras Vascau,Femei_45-64
27070,Abram,Barbati_45-64
27169,Abramut,Femei_45-64
27212,Auseu,Barbati_45-64
27285,Avram Iancu,Barbati_45-64
27329,Balc,Barbati_45-64
27383,Batar,Barbati_45-64
27436,Biharia,Femei_45-64
27506,Boianu Mare,Barbati_45-64
27560,Borod,Barbati_45-64
27631,Bors,Barbati_45-64
27686,Bratca,Barbati_45-64
27757,Brusturi,Barbati_45-64
27846,Budureasa,Barbati_45-64
27908,Buduslau,Barbati_45-64
27935,Bulz,Barbati_45-64
27971,Buntesti,Barbati_45-64
28077,Cabesti,Barbati_45-64
28139,Capalna,Femei_65_
28193,Carpinet,Barbati_45-64
28246,Cefa,Barbati_45-64
28335,Ceica,Barbati_45-64
28415,Cetariu,Femei_45-64
28497,Cherechiu,Barbati_45-64
28530,Chislaz,Barbati_45-64
28610,Ciuhoi,Barbati_45-64
28665,Ciumeghiu,Barbati_45-64
28709,Campani,Femei_45-64
28763,Cociuba Mare,Barbati_45-64
28816,Copacel,Barbati_45-64
28889,Cristioru De Jos,Barbati_45-64
28941,Curatele,Barbati_45-64
29001,Curtuiseni,Barbati_45-64
29038,Derna,Barbati_45-64
29092,Diosig,Femei_45-64
29154,Dobresti,Barbati_45-64
29243,Draganesti,Barbati_45-64
29341,Dragesti,Femei_45-64
29403,Finis,Barbati_45-64
29467,Girisu De Cris,Barbati_45-64
29519,Hidiselu De Sus,Barbati_45-64
29573,Holod,Barbati_45-64
29662,Husasau De Tinca,Barbati_45-64
29724,Ineu,Barbati_45-64
29760,Lazuri De Beius,Barbati_45-64
29813,Lazareni,Barbati_45-64
29902,Lugasu De Jos,Barbati_45-64
29948,Lunca,Barbati_45-64
30014,Madaras,Barbati_45-64
30069,Magesti,Barbati_45-64
30149,Nojorid,Barbati_45-64
30229,Olcea,Barbati_45-64
30274,Osorhei,Barbati_45-64
30336,Pietroasa,Barbati_45-64
30416,Pocola,Barbati_45-64
30470,Pomezeu,Barbati_45-64
30568,Popesti,Barbati_45-64
30648,Rabagani,Barbati_45-64
30719,Remetea,Barbati_45-64
30773,Rieni,Barbati_45-64
30844,Rosia,Barbati_45-64
30871,Sacadat,Barbati_45-64
30915,Oras Sacueni,Barbati_45-64
30988,Salacea,Femei_45-64
31011,Salard,Barbati_45-64
31057,Sambata,Barbati_45-64
31128,Sarbi,Barbati_45-64
31208,Spinus,Femei_45-64
31262,Suplacu De Barcau,Barbati_45-64
31333,Simian,Barbati_45-64
31379,Sinteu,Femei_45-64
31422,Soimi,Barbati_45-64
31510,Suncuius,Barbati_45-64
31565,Tarcea,Femei_45-64
31609,Tarcaia,Barbati_45-64
31654,Tauteu,Barbati_45-64
31716,Tileagd,Barbati_45-64
31789,Tinca,Barbati_45-64
31841,Tulca,Femei_45-64
31878,Tetchea,Barbati_45-64
31921,Uileacu De Beius,Barbati_45-64
31976,Vadu Crisului,Barbati_45-64
32027,Oras Valea Lui Mihai,Femei_45-64
32045,Viisoara,Barbati_45-64
32090,Varciorog,Barbati_45-64
32153,Tamaseu,Barbati_45-64
32161,Paleu,Barbati_45-64
32179,Sannicolau Roman,Barbati_45-64
32187,Rosiori,Barbati_45-64
32195,Gepiu,Barbati_45-64
32201,Toboliu,Barbati_45-64
32394,Municipiul Bistrita,Femei_45-64
32483,Oras Beclean,Femei_45-64
32544,Oras Nasaud,Femei_45-64
32599,Oras Sangeorz-Bai,Femei_45-64
32633,Bistrita Bargaului,Femei_45-64
32660,Branistea,Barbati_45-64
32704,Budacu De Jos,Barbati_45-64
32768,Budesti,Barbati_45-64
32811,Caianu Mic,Femei_65_
32884,Cetate,Barbati_45-64
32955,Ciceu-Giurgesti,Barbati_45-64
33015,Chiochis,Barbati_45-64
33122,Chiuza,Barbati_45-64
33177,Cosbuc,Barbati_45-64
33202,Dumitra,Barbati_45-64
33248,Feldru,Barbati_45-64
33275,Galatii Bistritei,Barbati_45-64
33337,Ilva Mare,Barbati_45-64
33364,Ilva Mica,Barbati_45-64
33382,Josenii Bargaului,Barbati_45-64
33435,Lechinta,Barbati_45-64
33514,Lesu,Barbati_45-64
33541,Livezile,Barbati_45-64
33603,Lunca Ilvei,Barbati_45-64
33621,Maieru,Barbati_45-64
33658,Matei,Barbati_45-64
33729,Magura Ilvei,Barbati_45-64
33765,Mariselu,Barbati_45-64
33845,Micestii De Campie,Barbati_45-64
33881,Milas,Barbati_45-64
33952,Monor,Barbati_45-64
33989,Nimigea,Barbati_45-64
34075,Nuseni,Barbati_45-64
34155,Parva,Barbati_45-64
34173,Petru Rares,Barbati_45-64
34235,Prundu Bargaului,Barbati_45-64
34262,Rebra,Femei_45-64
34280,Rebrisoara,Barbati_45-64
34333,Rodna,Barbati_45-64
34360,Romuli,Barbati_45-64
34397,Salva,Femei_45-64
34422,Silivasu De Campie,Barbati_45-64
34477,Sanmihaiu De Campie,Barbati_45-64
34547,Spermezeu,Barbati_45-64
34618,Sant,Femei_45-64
34645,Sieu,Femei_45-64
34690,Sieu-Magherus,Barbati_45-64
34770,Sieu-Odorhei,Barbati_45-64
34850,Sieut,Barbati_45-64
34903,Sintereag,Barbati_45-64
34985,Teaca,Barbati_45-64
35054,Telciu,Barbati_45-64
35090,Tiha Bargaului,Barbati_45-64
35152,Tarlisua,Barbati_45-64
35269,Uriu,Barbati_45-64
35312,Urmenis,Barbati_45-64
35429,Zagra,Barbati_45-64
35731,Municipiul Botosani,Femei_45-64
35759,Curtesti,Barbati_45-64
35839,Rachiti,Barbati_45-64
35884,Stauceni,Barbati_45-64
35946,Oras Darabani,Barbati_45-64
36006,Municipiul Dorohoi,Femei_45-64
36060,Oras Saveni,Barbati_45-64
36131,Albesti,Barbati_45-64
36202,Avrameni,Barbati_45-64
36300,Baluseni,Barbati_45-64
36373,Braesti,Barbati_45-64
36426,Broscauti,Barbati_45-64
36453,Oras Bucecea,Barbati_45-64
36499,Calarasi,Barbati_45-64
36532,Concesti,Barbati_45-64
36569,Copalau,Barbati_45-64
36649,Cordareni,Barbati_45-64
36676,Corlateni,Barbati_45-64
36756,Corni,Barbati_45-64
36809,Cotusca,Barbati_45-64
36907,Cristesti,Barbati_45-64
36952,Cristinesti,Barbati_45-64
37011,Dersca,Barbati_45-64
37057,Dangeni,Barbati_45-64
37100,Dobarceni,Barbati_45-64
37173,Draguseni,Barbati_45-64
37217,Durnesti,Barbati_45-64
37280,Oras Flamanzi,Barbati_45-64
37324,Frumusica,Barbati_45-64
37397,George Enescu,Barbati_45-64
37459,Gorbanesti,Barbati_45-64
37547,Havarna,Barbati_45-64
37618,Hanesti,Barbati_45-64
37672,Hiliseu-Horia,Barbati_45-64
37734,Hlipiceni,Barbati_45-64
37770,Hudesti,Barbati_45-64
37823,Ibanesti,Barbati_45-64
37850,Leorda,Barbati_45-64
37912,Lunca,Femei_65_
37958,Manoleasa,Barbati_45-64
38063,Mihai Eminescu,Barbati_45-64
38161,Mihaileni,Barbati_45-64
38241,Mihalaseni,Barbati_45-64
38321,Mileanca,Barbati_45-64
38376,Mitoc,Barbati_45-64
38456,Nicseni,Barbati_45-64
38492,Paltinis,Barbati_45-64
38544,Pomarla,Barbati_45-64
38580,Prajeni,Barbati_45-64
38633,Radauti-Prut,Barbati_45-64
38679,Rauseni,Barbati_45-64
38731,Ripiceni,Barbati_45-64
38811,Roma,Barbati_45-64
38848,Romanesti,Barbati_45-64
38893,Santa Mare,Barbati_45-64
38982,Suharau,Barbati_45-64
39051,Sulita,Barbati_45-64
39122,Sendriceni,Barbati_45-64
39168,Oras Stefanesti,Barbati_45-64
39220,Stiubieni,Femei_65_
39266,Todireni,Barbati_45-64
39328,Trusesti,Barbati_45-64
39391,Tudora,Barbati_45-64
39417,Ungureni,Barbati_45-64
39532,Unteni,Barbati_45-64
39612,Vaculesti,Barbati_45-64
39658,Viisoara,Barbati_45-64
39694,Varfu Campului,Barbati_45-64
39738,Vladeni,Barbati_45-64
39792,Vlasinesti,Barbati_45-64
39836,Vorniceni,Barbati_45-64
39872,Vorona,Barbati_45-64
39942,Lozna,Barbati_45-64
39959,Dimacheni,Barbati_45-64
39967,Candesti,Barbati_45-64
39975,Cosula,Barbati_45-64
39983,Blandesti,Barbati_65_
40035,Adaseni,Barbati_45-64
40198,Municipiul Brasov,Femei_45-64
40214,Oras Ghimbav,Barbati_45-64
40241,Municipiul Codlea,Barbati_45-64
40278,Municipiul Fagaras,Femei_45-64
40303,Oras Predeal,Femei_45-64
40367,Oras Rasnov,Barbati_45-64
40394,Oras Rupea,Barbati_45-64
40438,Municipiul Sacele,Femei_45-64
40465,Oras Victoria,Femei_45-64
40492,Oras Zarnesti,Femei_45-64
40526,Apata,Barbati_45-64
40544,Beclean,Barbati_45-64
40606,Bod,Femei_45-64
40633,Bran,Femei_45-64
40688,Budila,Barbati_45-64
40704,Bunesti,Femei_45-64
40768,Cata,Barbati_45-64
40820,Cincu,Barbati_45-64
40857,Comana,Barbati_45-64
40900,Cristian,Barbati_45-64
40928,Dumbravita,Barbati_45-64
40955,Feldioara,Barbati_45-64
40991,Fundata,Barbati_45-64
41033,Halchiu,Femei_45-64
41088,Harman,Barbati_45-64
41113,Harseni,Barbati_65_
41177,Hoghiz,Barbati_45-64
41248,Homorod,Barbati_45-64
41284,Jibert,Barbati_45-64
41346,Lisa,Barbati_45-64
41382,Maierus,Barbati_45-64
41417,Mandra,Barbati_45-64
41471,Moieciu,Barbati_45-64
41541,Ormenis,Barbati_45-64
41578,Parau,Barbati_45-64
41621,Poiana Marului,Barbati_45-64
41667,Prejmer,Femei_45-64
41701,Racos,Barbati_45-64
41738,Recea,Barbati_45-64
41818,Sercaia,Barbati_45-64
41854,Sinca,Barbati_45-64
41925,Sanpetru,Barbati_45-64
41943,Soars,Femei_45-64
42003,Tarlungeni,Barbati_45-64
42058,Teliu,Femei_45-64
42076,Ticusu,Barbati_45-64
42101,Ucea,Barbati_45-64
42156,Ungra,Barbati_45-64
42183,Vama Buzaului,Barbati_45-64
42236,Vistea,Barbati_45-64
42307,Voila,Barbati_45-64
42398,Vulcan,Barbati_45-64
42449,Sinca Noua,Barbati_45-64
42456,Crizbav,Femei_45-64
42464,Sambata De Sus,Barbati_45-64
42472,Holbav,Barbati_45-64
42480,Dragus,Barbati_45-64
42498,Augustin,Barbati_45-64
42682,Municipiul Braila,Femei_45-64
42708,Chiscani,Barbati_45-64
42753,Oras Faurei,Barbati_45-64
42771,Surdila-Greci,Barbati_45-64
42824,Baraganul,Barbati_45-64
42842,Bertestii De Jos,Barbati_45-64
42913,Bordei Verde,Barbati_45-64
42968,Ciocile,Barbati_45-64
43019,Ciresu,Barbati_45-64
43073,Dudesti,Barbati_45-64
43117,Frecatei,Barbati_45-64
43180,Galbenu,Barbati_45-64
43242,Gemenele,Barbati_45-64
43279,Gradistea,Barbati_45-64
43313,Gropeni,Barbati_45-64
43331,Oras Ianca,Barbati_45-64
43411,Oras Insuratei,Barbati_45-64
43466,Jirlau,Barbati_45-64
43493,Marasu,Barbati_45-64
43563,Maxineni,Barbati_45-64
43625,Mircea Voda,Barbati_45-64
43652,Movila Miresii,Barbati_45-64
43698,Racovita,Barbati_45-64
43732,Ramnicelu,Barbati_45-64
43787,Romanu,Barbati_45-64
43812,Rosiori,Barbati_45-64
43867,Salcia Tudor,Barbati_45-64
43929,Scortaru Nou,Barbati_45-64
43992,Silistea,Barbati_45-64
44060,Stancuta,Barbati_45-64
44113,Surdila-Gaiseanca,Barbati_45-64
44140,Sutesti,Barbati_45-64
44177,Tichilesti,Barbati_45-64
44202,Traian,Barbati_45-64
44257,Tudor Vladimirescu,Barbati_45-64
44300,Tufesti,Barbati_45-64
44328,Ulmu,Barbati_45-64
44355,Unirea,Barbati_45-64
44391,Vadeni,Barbati_45-64
44435,Victoria,Barbati_45-64
44462,Visani,Barbati_45-64
44505,Viziru,Barbati_45-64
44532,Zavoaia,Barbati_45-64
44560,Cazasu,Barbati_45-64
44818,Municipiul Buzau,Femei_45-64
44845,Municipiul Ramnicu Sarat,Femei_45-64
44863,Amaru,Barbati_45-64
44934,Balta Alba,Barbati_45-64
44989,Balaceanu,Barbati_45-64
45003,Beceni,Femei_45-64
45101,Berca,Barbati_45-64
45245,Bisoca,Barbati_45-64
45334,Blajani,Femei_65_
45361,Boldu,Barbati_45-64
45389,Bozioru,Barbati_45-64
45496,Bradeanu,Barbati_45-64
45539,Braesti,Barbati_45-64
45619,Breaza,Barbati_45-64
45673,Buda,Barbati_45-64
45753,Calvini,Barbati_45-64
45815,C.a. Rosetti,Barbati_45-64
45888,Canesti,Femei_65_
45959,Catina,Barbati_45-64
46019,Cernatesti,Barbati_45-64
46108,Chiliile,Femei_65_
46180,Chiojdu,Barbati_45-64
46251,Cilibia,Barbati_45-64
46313,Cislau,Barbati_45-64
46377,Cochirleanca,Barbati_45-64
46439,Colti,Barbati_45-64
46484,Costesti,Barbati_45-64
46554,Cozieni,Barbati_45-64
46769,Galbinasi,Barbati_45-64
46803,Gheraseni,Barbati_45-64
46830,Ghergheasa,Barbati_45-64
46867,Glodeanu Sarat,Barbati_45-64
46910,Glodeanu-Silistea,Barbati_45-64
47006,Grebanu,Barbati_45-64
47079,Gura Teghii,Barbati_45-64
47159,Largu,Barbati_45-64
47186,Lopatari,Barbati_45-64
47300,Luciu,Barbati_45-64
47337,Magura,Barbati_45-64
47373,Maracineni,Barbati_45-64
47417,Margaritesti,Barbati_45-64
47453,Merei,Barbati_45-64
47578,Mihailesti,Barbati_45-64
47630,Manzalesti,Barbati_45-64
47774,Movila Banului,Barbati_45-64
47818,Murgesti,Femei_65_
47854,Naeni,Barbati_45-64
47916,Oras Nehoiu,Barbati_45-64
48021,Odaile,Barbati_45-64
48138,Padina,Barbati_45-64
48165,Pardosi,Barbati_65_
48227,Panatau,Barbati_45-64
48325,Oras Patarlagele,Barbati_45-64
48487,Pietroasele,Barbati_45-64
48557,Parscov,Barbati_45-64
48682,Podgoria,Barbati_45-64
48744,Oras Pogoanele,Barbati_45-64
48771,Posta Calnau,Barbati_45-64
48842,Puiesti,Barbati_45-64
48922,Racoviteni,Barbati_45-64
48968,Ramnicelu,Barbati_45-64
49019,Robeasca,Femei_65_
49046,Rusetu,Barbati_45-64
49073,Sageata,Barbati_45-64
49153,Sahateni,Barbati_45-64
49206,Sapoca,Barbati_45-64
49233,Sarulesti,Barbati_45-64
49313,Scortoasa,Barbati_45-64
49439,Scutelnici,Barbati_45-64
49484,Siriu,Femei_45-64
49545,Smeeni,Barbati_45-64
49625,Stalpu,Barbati_45-64
49643,Tisau,Barbati_45-64
49769,Topliceni,Barbati_45-64
49849,Tintesti,Barbati_45-64
49894,Ulmeni,Barbati_45-64
49956,Vadu Pasii,Barbati_45-64
50022,Valea Ramnicului,Barbati_45-64
50068,Valea Salciei,Barbati_45-64
50102,Vernesti,Barbati_45-64
50228,Vintila Voda,Barbati_45-64
50326,Viperesti,Barbati_45-64
50399,Valcelele,Femei_65_
50415,Zarnesti,Barbati_45-64
50479,Ziduri,Barbati_45-64
50549,Unguriu,Barbati_45-64
50564,Florica,Barbati_45-64
50790,Municipiul Resita,Barbati_45-64
50889,Oras Anina,Barbati_45-64
50923,Oras Baile Herculane,Barbati_45-64
50969,Oras Bocsa,Barbati_45-64
50987,Ocna De Fier,Barbati_45-64
51010,Municipiul Caransebes,Barbati_45-64
51056,Oras Moldova Noua,Barbati_45-64
51118,Oras Oravita,Barbati_45-64
51207,Oras Otelu Rosu,Barbati_45-64
51243,Armenis,Barbati_45-64
51305,Bania,Femei_45-64
51332,Bautar,Barbati_45-64
51387,Berliste,Barbati_45-64
51449,Berzasca,Barbati_45-64
51500,Berzovia,Barbati_45-64
51546,Bolvasnita,Barbati_45-64
51573,Bozovici,Barbati_45-64
51626,Brebu,Barbati_45-64
51662,Brebu Nou,Barbati_45-64
51699,Buchin,Barbati_45-64
51751,Bucosnita,Barbati_45-64
51804,Carasova,Barbati_45-64
51840,Carbunari,Barbati_45-64
51877,Constantin Daicoviciu,Barbati_45-64
51948,Ciclova Romana,Barbati_45-64
51984,Ciuchici,Barbati_45-64
52035,Ciudanovita,Barbati_45-64
52062,Copacele,Barbati_45-64
52115,Cornea,Barbati_45-64
52160,Cornereva,Barbati_45-64
52570,Dalboset,Barbati_45-64
52650,Doclin,Barbati_45-64
52696,Dognecea,Barbati_45-64
52721,Domasnea,Barbati_45-64
52758,Ezeris,Barbati_45-64
52785,Farliug,Barbati_45-64
52856,Forotic,Barbati_45-64
52909,Garnic,Barbati_45-64
52936,Glimboca,Femei_45-64
52954,Goruia,Barbati_45-64
52990,Gradinari,Barbati_45-64
53023,Iablanita,Barbati_45-64
53069,Lapusnicel,Femei_65_
53103,Lapusnicu Mare,Femei_65_
53130,Luncavita,Barbati_45-64
53167,Lupac,Barbati_45-64
53210,Marga,Barbati_45-64
53247,Maureni,Barbati_45-64
53274,Mehadia,Barbati_45-64
53327,Mehadica,Barbati_65_
53345,Naidas,Barbati_45-64
53372,Obreja,Barbati_45-64
53425,Paltinis,Barbati_45-64
53489,Coronini,Barbati_45-64
53513,Pojejena,Barbati_45-64
53577,Prigor,Barbati_45-64
53639,Ramna,Barbati_45-64
53675,Racasdia,Barbati_45-64
53700,Eftimie Murgu,Barbati_45-64
53728,Rusca Montana,Barbati_45-64
53755,Sacu,Barbati_45-64
53791,Sasca Montana,Barbati_45-64
53853,Sichevita,Barbati_45-64
54056,Slatina-Timis,Barbati_45-64
54109,Socol,Barbati_45-64
54163,Sopotu Nou,Barbati_45-64
54270,Teregova,Barbati_45-64
54305,Ticvaniu Mare,Barbati_45-64
54350,Tarnova,Barbati_45-64
54387,Toplet,Barbati_45-64
54412,Turnu Ruieni,Barbati_45-64
54485,Valiug,Barbati_45-64
54500,Varadia,Barbati_45-64
54537,Vermes,Barbati_45-64
54573,Vrani,Barbati_45-64
54617,Zavoi,Barbati_45-64
54699,Zorlentu Mare,Barbati_45-64
54975,Municipiul Cluj-Napoca,Femei_45-64
55008,Municipiul Dej,Barbati_45-64
55062,Cuzdrioara,Barbati_45-64
55106,Jichisu De Jos,Barbati_45-64
55160,Mica,Barbati_45-64
55259,Municipiul Turda,Barbati_45-64
55277,Mihai Viteazu,Barbati_45-64
55311,Sandulesti,Barbati_45-64
55357,Municipiul Campia Turzii,Barbati_45-64
55384,Municipiul Gherla,Barbati_45-64
55446,Oras Huedin,Femei_45-64
55473,Aghiresu,Barbati_45-64
55598,Aiton,Barbati_45-64
55623,Alunis,Barbati_45-64
55687,Apahida,Barbati_45-64
55776,Aschileu,Barbati_45-64
55838,Baciu,Barbati_45-64
55918,Baisoara,Barbati_45-64
56014,Belis,Barbati_45-64
56096,Bobalna,Barbati_45-64
56210,Bontida,Barbati_45-64
56265,Borsa,Barbati_45-64
56327,Buza,Barbati_45-64
56354,Caianu,Barbati_45-64
56425,Calarasi,Barbati_45-64
56461,Calatele,Barbati_45-64
56522,Camarasu,Barbati_45-64
56568,Capusu Mare,Barbati_45-64
56666,Caseiu,Barbati_45-64
56773,Catina,Barbati_45-64
56844,Ceanu Mare,Barbati_45-64
56988,Chinteni,Barbati_45-64
57083,Chiuiesti,Barbati_45-64
57163,Ciucea,Barbati_45-64
57225,Ciurila,Barbati_45-64
57314,Catcau,Barbati_45-64
57350,Cojocna,Barbati_45-64
57449,Cornesti,Barbati_45-64
57546,Dabaca,Barbati_45-64
57582,Feleacu,Barbati_45-64
57644,Fizesu Gherlii,Barbati_45-64
57706,Floresti,Barbati_35-44
57742,Frata,Barbati_45-64
57831,Geaca,Barbati_45-64
57902,Gilau,Barbati_45-64
57948,Garbau,Barbati_45-64
58008,Iara,Barbati_45-64
58142,Iclod,Barbati_45-64
58204,Izvoru Crisului,Femei_45-64
58259,Jucu,Barbati_45-64
58311,Luna,Barbati_45-64
58357,Maguri-Racatau,Barbati_45-64
58393,Manastireni,Barbati_45-64
58464,Margau,Barbati_45-64
58534,Marisel,Barbati_45-64
58552,Mintiu Gherlii,Barbati_45-64
58623,Mociu,Barbati_45-64
58721,Moldovenesti,Barbati_45-64
58794,Palatca,Barbati_45-64
58856,Panticeu,Barbati_45-64
58918,Petrestii De Jos,Barbati_45-64
58990,Ploscos,Barbati_45-64
59041,Poieni,Barbati_45-64
59130,Recea-Cristur,Barbati_45-64
59238,Risca,Femei_45-64
59283,Sacuieu,Barbati_45-64
59327,Savadisla,Barbati_45-64
59416,Sic,Barbati_45-64
59434,Sancraiu,Barbati_45-64
59498,Sanmartin,Femei_65_
59586,Sanpaul,Barbati_45-64
59657,Suatu,Barbati_45-64
59693,Tritenii De Jos,Barbati_45-64
59764,Tureni,Barbati_45-64
59826,Taga,Barbati_45-64
59880,Unguras,Barbati_45-64
59942,Vad,Femei_65_
60026,Valea Ierii,Barbati_45-64
60062,Viisoara,Barbati_45-64
60099,Vultureni,Barbati_45-64
60169,Negreni,Barbati_45-64
60419,Municipiul Constanta,Femei_45-64
60455,Oras Eforie,Femei_45-64
60482,Municipiul Mangalia,Femei_45-64
60507,Oras Navodari,Femei_45-64
60534,Oras Techirghiol,Femei_45-64
60570,Agigea,Barbati_45-64
60598,2020-08-23 00:00:00,Barbati_45-64
60632,Limanu,Barbati_45-64
60687,Oras Ovidiu,Barbati_45-64
60721,Tuzla,Barbati_45-64
60776,Oras Cernavoda,Barbati_45-64
60801,Oras Harsova,Femei_45-64
60847,Municipiul Medgidia,Femei_45-64
60883,Adamclisi,Barbati_45-64
60945,Albesti,Barbati_45-64
61005,Aliman,Barbati_45-64
61069,Oras Baneasa,Barbati_45-64
61121,Castelu,Barbati_45-64
61167,Cerchezu,Barbati_45-64
61210,Chirnogeni,Barbati_45-64
61256,Ciobanu,Barbati_45-64
61283,Ciocarlia,Barbati_45-64
61318,Cobadin,Barbati_45-64
61372,Cogealac,Barbati_45-64
61452,Comana,Barbati_45-64
61513,Corbu,Barbati_45-64
61559,Crucea,Barbati_45-64
61620,Cumpana,Barbati_45-64
61675,Deleni,Barbati_45-64
61737,Dobromir,Barbati_45-64
61808,Garliciu,Barbati_45-64
61826,Ghindaresti,Barbati_45-64
61871,Independenta,Barbati_45-64
61951,Ion Corvin,Barbati_45-64
62020,Istria,Barbati_45-64
62057,Lipnita,Barbati_45-64
62137,Mereni,Barbati_45-64
62191,Mihail Kogalniceanu,Barbati_45-64
62253,Mihai Viteazu,Barbati_45-64
62280,Mircea Voda,Barbati_45-64
62360,Oras Murfatlar,Barbati_45-64
62397,Oras Negru Voda,Barbati_45-64
62440,Nicolae Balcescu,Barbati_45-64
62486,Oltina,Barbati_45-64
62538,Ostrov,Barbati_45-64
62609,Pantelimon,Barbati_45-64
62672,Pecineaga,Barbati_45-64
62707,Pestera,Barbati_45-64
62761,Poarta Alba,Barbati_45-64
62798,Rasova,Barbati_45-64
62823,Saraiu,Barbati_45-64
62878,Sacele,Barbati_45-64
62903,Seimeni,Barbati_45-64
62949,Silistea,Barbati_45-64
62985,Targusor,Barbati_45-64
63045,Topalu,Femei_45-64
63072,Topraisar,Barbati_45-64
63125,Valu Lui Traian,Barbati_45-64
63152,Lumina,Barbati_45-64
63161,Dumbraveni,Barbati_45-64
63170,Vulturu,Barbati_45-64
63189,Tortoman,Barbati_45-64
63198,Amzacea,Barbati_45-64
63278,Horia,Barbati_45-64
63286,Costinesti,Barbati_45-64
63294,Baraganu,Femei_45-64
63300,Cuza Voda,Barbati_45-64
63318,Saligny,Barbati_45-64
63326,Gradina,Barbati_45-64
63334,Fantanele,Barbati_45-64
63394,Municipiul Sfantu Gheorghe,Femei_45-64
63447,Oras Baraolt,Femei_45-64
63526,Oras Covasna,Femei_45-64
63553,Comandau,Femei_45-64
63580,Oras Intorsura Buzaului,Barbati_45-64
63633,Barcani,Barbati_45-64
63688,Sita Buzaului,Barbati_45-64
63740,Municipiul Targu Secuiesc,Femei_45-64
63777,Aita Mare,Femei_45-64
63802,Batani,Barbati_45-64
63866,Belin,Barbati_45-64
63893,Bodoc,Barbati_45-64
63937,Borosneu Mare,Barbati_45-64
64005,Brates,Femei_45-64
64041,Bradut,Femei_45-64
64096,Bretcu,Barbati_45-64
64130,Catalina,Barbati_45-64
64194,Cernat,Femei_45-64
64238,Chichis,Barbati_45-64
64265,Dobarlau,Barbati_45-64
64318,Ghelinta,Barbati_45-64
64345,Ghidfalau,Barbati_45-64
64390,Haghig,Barbati_65_
64425,Ilieni,Barbati_45-64
64461,Lemnia,Femei_65_
64504,Malnas,Femei_45-64
64568,Moacsa,Barbati_45-64
64602,Ojdula,Femei_45-64
64639,Ozun,Barbati_45-64
64719,Poian,Barbati_45-64
64773,Reci,Femei_45-64
64826,Sanzieni,Femei_45-64
64871,Turia,Femei_45-64
64906,Valea Crisului,Femei_45-64
64942,Valcele,Barbati_45-64
64997,Varghis,Barbati_45-64
65011,Zagon,Barbati_45-64
65048,Zabala,Barbati_45-64
65099,Valea Mare,Barbati_45-64
65105,Mereni,Barbati_45-64
65113,Arcus,Barbati_45-64
65121,Bixad,Femei_45-64
65139,Micfalau,Femei_45-64
65147,Dalnic,Barbati_45-64
65154,Estelnic,Barbati_45-64
65342,Municipiul Targoviste,Femei_45-64
65379,Aninoasa,Barbati_45-64
65413,Doicesti,Barbati_45-64
65431,Razvad,Barbati_45-64
65477,Sotanga,Barbati_45-64
65501,Ulmi,Barbati_45-64
65609,Oras Fieni,Femei_45-64
65645,Motaieni,Barbati_45-64
65681,Oras Gaesti,Femei_45-64
65707,Gura Foii,Barbati_45-64
65752,Petresti,Barbati_45-64
65841,Municipiul Moreni,Femei_45-64
65869,Iedera,Barbati_45-64
65921,Oras Pucioasa,Femei_45-64
66009,Branesti,Femei_45-64
66081,Oras Titu,Barbati_45-64
66152,Branistea,Barbati_45-64
66198,Baleni,Barbati_45-64
66223,Barbuletu,Barbati_45-64
66330,Bezdead,Barbati_45-64
66401,Bilciuresti,Barbati_45-64
66438,Buciumeni,Femei_45-64
66474,Bucsani,Barbati_45-64
66526,Candesti,Barbati_45-64
66580,Cobia,Barbati_45-64
66697,Cojasca,Barbati_45-64
66731,Comisani,Barbati_45-64
66768,Contesti,Barbati_45-64
66857,Corbii Mari,Barbati_45-64
66955,Cornatelu,Barbati_45-64
67014,Cornesti,Barbati_45-64
67121,Costestii Din Vale,Barbati_45-64
67167,Crangurile,Barbati_45-64
67256,Darmanesti,Barbati_45-64
67292,Dobra,Barbati_45-64
67327,Dragodana,Barbati_45-64
67407,Dragomiresti,Barbati_45-64
67470,Finta,Barbati_45-64
67522,Glodeni,Barbati_45-64
67595,Gura Ocnitei,Barbati_45-64
67648,Gura Sutii,Barbati_45-64
67675,Hulubesti,Barbati_45-64
67737,I. L. Caragiale,Barbati_45-64
67773,Lucieni,Barbati_45-64
67835,Ludesti,Barbati_45-64
67906,Lunguletu,Barbati_45-64
67942,Malu Cu Flori,Barbati_45-64
68002,Manesti,Barbati_45-64
68048,Matasaru,Barbati_45-64
68128,Mogosani,Barbati_45-64
68182,Moroeni,Barbati_45-64
68253,Morteni,Barbati_45-64
68280,Nucet,Femei_45-64
68324,Ocnita,Barbati_45-64
68342,Odobesti,Barbati_45-64
68404,Pietrosita,Barbati_45-64
68431,Poiana,Barbati_45-64
68468,Potlogi,Barbati_45-64
68529,Produlesti,Barbati_45-64
68565,Pucheni,Barbati_45-64
68627,Oras Racari,Barbati_45-64
68716,Runcu,Barbati_45-64
68789,Salcioara,Barbati_45-64
68887,Selaru,Barbati_45-64
68921,Tatarani,Barbati_45-64
68976,Uliesti,Barbati_45-64
69063,Valea Lunga,Barbati_45-64
69170,Valea Mare,Barbati_45-64
69250,Vacaresti,Barbati_45-64
69303,Valeni-Dambovita,Barbati_45-64
69330,Visina,Barbati_45-64
69394,Visinesti,Barbati_45-64
69447,Varfuri,Barbati_45-64
69526,Voinesti,Barbati_45-64
69615,Vulcana-Bai,Femei_45-64
69900,Municipiul Craiova,Barbati_45-64
69964,Bucovat,Barbati_45-64
70094,Isalnita,Barbati_45-64
70110,Podari,Barbati_45-64
70174,Simnicu De Sus,Barbati_45-64
70316,Municipiul Bailesti,Barbati_45-64
70352,Municipiul Calafat,Barbati_45-64
70414,Oras Filiasi,Barbati_45-64
70502,Oras Segarcea,Barbati_45-64
70520,Afumati,Barbati_45-64
70566,Almaj,Barbati_45-64
70637,Amarastii De Jos,Femei_45-64
70673,Amarastii De Sus,Barbati_45-64
70726,Apele Vii,Barbati_45-64
70744,Argetoaia,Barbati_45-64
70879,Oras Bechet,Barbati_45-64
70897,Bistret,Barbati_45-64
70940,Barca,Barbati_45-64
70968,Botosesti-Paia,Femei_65_
70986,Brabova,Barbati_45-64
71055,Bradesti,Barbati_45-64
71126,Bralostita,Barbati_45-64
71199,Bratovoesti,Barbati_45-64
71260,Breasta,Barbati_45-64
71340,Bulzesti,Barbati_45-64
71457,Calopar,Barbati_45-64
71518,Caraula,Barbati_45-64
71536,Carpen,Barbati_45-64
71572,Castranova,Barbati_45-64
71607,Calarasi,Barbati_45-64
71634,Celaru,Barbati_45-64
71698,Cerat,Barbati_45-64
71723,Cernatesti,Barbati_45-64
71787,Cetate,Barbati_45-64
71812,Cioroiasi,Barbati_45-64
71858,Ciupercenii Noi,Barbati_45-64
71885,Cosoveni,Barbati_45-64
71910,Cotofenii Din Dos,Femei_45-64
71956,Daneti,Barbati_45-64
72007,Oras Dabuleni,Barbati_45-64
72034,Desa,Barbati_45-64
72052,Diosti,Barbati_45-64
72098,Dobresti,Barbati_45-64
72150,Dragotesti,Barbati_45-64
72221,Dranic,Barbati_45-64
72276,Farcas,Barbati_45-64
72383,Galicea Mare,Barbati_45-64
72409,Ghercesti,Barbati_45-64
72463,Gighera,Barbati_45-64
72506,Giubega,Barbati_45-64
72533,Giurgita,Barbati_45-64
72579,Gangiova,Barbati_45-64
72604,Gogosu,Femei_65_
72640,Goicea,Femei_65_
72677,Goiesti,Barbati_45-64
72819,Grecesti,Barbati_45-64
72882,Izvoare,Barbati_45-64
72926,Leu,Barbati_45-64
72953,Lipovu,Barbati_45-64
72980,Macesu De Jos,Barbati_45-64
73013,Macesu De Sus,Femei_65_
73031,Maglavit,Barbati_45-64
73068,Malu Mare,Barbati_45-64
73102,Melinesti,Barbati_45-64
73246,Mischii,Barbati_45-64
73317,Marsani,Barbati_45-64
73335,Motatei,Barbati_45-64
73371,Murgasi,Barbati_45-64
73460,Negoi,Barbati_45-64
73503,Orodel,Barbati_45-64
73567,Ostroveni,Barbati_45-64
73594,Perisor,Femei_45-64
73629,Pielesti,Barbati_45-64
73665,Piscu Vechi,Barbati_45-64
73709,Plenita,Barbati_45-64
73736,Poiana Mare,Barbati_45-64
73772,Predesti,Barbati_45-64
73852,Radovan,Barbati_45-64
73905,Rast,Barbati_45-64
73923,Robanesti,Barbati_45-64
73996,Sadova,Barbati_45-64
74028,Salcuta,Barbati_45-64
74073,Scaesti,Femei_45-64
74108,Seaca De Camp,Barbati_45-64
74135,Seaca De Padure,Femei_65_
74171,Secu,Barbati_45-64
74224,Silistea Crucii,Barbati_65_
74242,Sopot,Barbati_45-64
74322,Teasc,Barbati_45-64
74359,Terpezita,Barbati_45-64
74411,Teslui,Barbati_45-64
74509,Tuglui,Barbati_45-64
74536,Unirea,Barbati_45-64
74554,Urzicuta,Barbati_45-64
74581,Valea Stanciului,Barbati_45-64
74616,Vela,Barbati_45-64
74705,Verbita,Barbati_45-64
74732,Vartop,Barbati_45-64
74750,Varvoru De Jos,Barbati_45-64
74842,Catane,Femei_65_
74859,Carcea,Barbati_45-64
74867,Carna,Barbati_45-64
74875,Cotofenii Din Fata,Barbati_45-64
74883,Dobrotesti,Barbati_45-64
74891,Galiciuica,Barbati_45-64
74907,Ghidici,Femei_65_
74915,Ghindeni,Barbati_45-64
74923,Intorsura,Barbati_45-64
74931,Plesoi,Barbati_45-64
74949,Rojiste,Barbati_45-64
74956,Talpas,Barbati_45-64
75098,Municipiul Galati,Femei_45-64
75114,Sendreni,Barbati_45-64
75150,Vanatori,Barbati_45-64
75203,Municipiul Tecuci,Barbati_45-64
75221,Draganesti,Barbati_45-64
75258,Munteni,Barbati_45-64
75338,Oras Beresti,Barbati_45-64
75356,Beresti-Meria,Barbati_45-64
75472,Oras Targu Bujor,Barbati_45-64
75515,Barcea,Barbati_45-64
75542,Balabanesti,Barbati_45-64
75613,Balasesti,Barbati_45-64
75668,Baleni,Barbati_45-64
75686,Baneasa,Barbati_45-64
75711,Branistea,Barbati_45-64
75766,Brahasesti,Barbati_45-64
75819,Buciumeni,Barbati_45-64
75864,Cavadinesti,Barbati_45-64
75917,Certesti,Barbati_45-64
75953,Corod,Barbati_45-64
76004,Corni,Barbati_45-64
76040,Cosmesti,Barbati_45-64
76111,Costache Negri,Barbati_45-64
76139,Cuca,Barbati_45-64
76157,Cudalbi,Barbati_45-64
76175,Draguseni,Barbati_45-64
76255,Fartanesti,Barbati_45-64
76282,Foltesti,Barbati_45-64
76317,Frumusita,Barbati_45-64
76353,Fundeni,Barbati_45-64
76406,Ghidigeni,Barbati_45-64
76497,Gohor,Barbati_45-64
76558,Grivita,Barbati_45-64
76585,Independenta,Barbati_45-64
76601,Ivesti,Barbati_45-64
76638,Jorasti,Barbati_45-64
76674,Liesti,Barbati_45-64
76692,Matca,Barbati_45-64
76718,Mastacani,Barbati_45-64
76745,Movileni,Barbati_45-64
76763,Namoloasa,Barbati_45-64
76807,Nicoresti,Barbati_45-64
76932,Oancea,Barbati_45-64
76969,Pechea,Barbati_45-64
76996,Piscu,Barbati_45-64
77028,Priponesti,Barbati_45-64
77082,Rediu,Femei_65_
77126,Scanteiesti,Barbati_45-64
77153,Schela,Barbati_45-64
77180,Slobozia Conachi,Barbati_45-64
77224,Smardan,Barbati_45-64
77260,Smulti,Barbati_45-64
77288,Suceveni,Barbati_45-64
77313,Tudor Vladimirescu,Barbati_45-64
77331,Tulucesti,Barbati_45-64
77377,Tepu,Barbati_45-64
77402,Umbraresti,Barbati_45-64
77475,Valea Marului,Barbati_45-64
77509,Varlezi,Barbati_45-64
77536,Vladesti,Barbati_45-64
77561,Radesti,Barbati_45-64
77579,Negrilesti,Barbati_45-64
77587,Poiana,Barbati_45-64
77595,Cuza Voda,Barbati_45-64
77601,Suhurlui,Barbati_45-64
77812,Municipiul Targu Jiu,Barbati_45-64
77910,Balesti,Barbati_45-64
78016,Dragutesti,Barbati_45-64
78089,Turcinesti,Barbati_45-64
78141,Municipiul Motru,Barbati_45-64
78258,Oras Novaci,Barbati_45-64
78329,Oras Targu Carbunesti,Barbati_45-64
78454,Oras Ticleni,Barbati_45-64
78472,Albeni,Barbati_45-64
78542,Alimpesti,Barbati_45-64
78604,Aninoasa,Barbati_45-64
78668,Arcani,Barbati_45-64
78711,Baia De Fier,Barbati_45-64
78748,Balanesti,Barbati_45-64
78828,Barbatesti,Barbati_45-64
78873,Bengesti-Ciocadia,Barbati_45-64
78926,Berlesti,Barbati_45-64
79004,Balteni,Barbati_45-64
79077,Bolbosi,Barbati_45-64
79157,Borascu,Barbati_45-64
79237,Branesti,Barbati_45-64
79308,Oras Bumbesti-Jiu,Barbati_45-64
79362,Bumbesti-Pitic,Barbati_45-64
79406,Bustuchin,Barbati_45-64
79497,Capreni,Barbati_45-64
79585,Catunele,Barbati_45-64
79656,Ciuperceni,Barbati_45-64
79736,Calnic,Barbati_45-64
79834,Crasna,Barbati_45-64
79932,Cruset,Barbati_45-64
80043,Danciulesti,Barbati_45-64
80123,Danesti,Barbati_45-64
80249,Dragotesti,Barbati_45-64
80285,Farcasesti,Barbati_45-64
80365,Glogova,Barbati_45-64
80427,Godinesti,Barbati_45-64
80506,Hurezani,Barbati_45-64
80560,Ionesti,Barbati_45-64
80613,Jupanesti,Barbati_45-64
80677,Lelesti,Barbati_45-64
80711,Licurici,Barbati_45-64
80766,Logresti,Barbati_45-64
80846,Matasari,Barbati_45-64
80908,Musetesti,Barbati_45-64
80980,Negomir,Barbati_45-64
81095,Pades,Barbati_45-64
81184,Pestisani,Barbati_45-64
81264,Plopsoru,Barbati_45-64
81380,Polovragi,Barbati_45-64
81415,Prigoria,Barbati_45-64
81497,Rosia De Amaradia,Barbati_45-64
81576,Runcu,Barbati_45-64
81656,Samarinesti,Barbati_45-64
81754,Sacelu,Barbati_45-64
81816,Saulesti,Barbati_45-64
81861,Scoarta,Barbati_45-64
81987,Schela,Barbati_45-64
82047,Slivilesti,Barbati_45-64
82136,Stanesti,Barbati_45-64
82243,Stejari,Barbati_45-64
82314,Stoina,Barbati_45-64
82396,Telesti,Barbati_45-64
82430,Oras Tismana,Barbati_45-64
82555,Turburea,Barbati_45-64
82617,Oras Turceni,Barbati_45-64
82680,Tantareni,Barbati_45-64
82733,Urdari,Barbati_45-64
82779,Vagiulesti,Barbati_45-64
82831,Vladimir,Barbati_45-64
82895,Oras Rovinari,Barbati_45-64
83133,Municipiul Odorheiu Secuiesc,Femei_45-64
83151,Bradesti,Barbati_45-64
83197,Feliceni,Barbati_45-64
83320,Municipiul Miercurea Ciuc,Femei_45-64
83375,Pauleni-Ciuc,Femei_45-64
83428,Oras Baile Tusnad,Femei_45-64
83464,Oras Balan,Femei_45-64
83491,Oras Borsec,Barbati_45-64
83525,Oras Cristuru Secuiesc,Femei_45-64
83561,Municipiul Gheorgheni,Femei_45-64
83632,Municipiul Toplita,Barbati_45-64
83749,Oras Vlahita,Barbati_45-64
83785,Atid,Femei_45-64
83847,Avramesti,Barbati_45-64
83936,Bilbor,Femei_45-64
83963,Capalnita,Barbati_45-64
83981,Ciucsangeorgiu,Femei_45-64
84086,Ciumani,Barbati_45-64
84102,Carta,Femei_45-64
84148,Corbu,Barbati_45-64
84175,Corund,Barbati_45-64
84237,Danesti,Femei_45-64
84264,Dealu,Femei_45-64
84344,Ditrau,Femei_45-64
84380,Darjiu,Femei_45-64
84415,Frumoasa,Femei_45-64
84460,Galautas,Femei_45-64
84558,Joseni,Femei_45-64
84594,Lazarea,Barbati_45-64
84629,Lueta,Barbati_45-64
84656,Lunca De Jos,Femei_45-64
84754,Lunca De Sus,Barbati_45-64
84825,Lupeni,Barbati_45-64
84923,Martinis,Barbati_45-64
85056,Meresti,Femei_65_
85074,Mihaileni,Femei_45-64
85127,Mugeni,Barbati_45-64
85243,Ocland,Barbati_45-64
85289,Plaiesii De Jos,Femei_45-64
85341,Praid,Barbati_45-64
85412,Remetea,Femei_45-64
85467,Sacel,Barbati_45-64
85528,Sarmas,Barbati_45-64
85582,Secuieni,Barbati_45-64
85626,Siculeni,Femei_45-64
85680,Sancraieni,Femei_45-64
85760,Sandominic,Femei_45-64
85788,Sanmartin,Femei_45-64
85840,Sansimion,Femei_45-64
85877,Subcetate,Barbati_45-64
85920,Suseni,Barbati_45-64
85984,Simonesti,Barbati_45-64
86133,Tulghes,Barbati_45-64
86188,Tusnad,Femei_45-64
86222,Ulies,Barbati_45-64
86311,Varsag,Barbati_45-64
86339,Voslabeni,Barbati_45-64
86366,Zetea,Barbati_45-64
86438,Madaras,Femei_65_
86446,Cozmeni,Femei_45-64
86453,Tomesti,Barbati_45-64
86461,Ciceu,Barbati_45-64
86479,Leliceni,Barbati_45-64
86487,Porumbeni,Femei_45-64
86495,Racu,Femei_45-64
86501,Satu Mare,Femei_45-64
86519,Santimbru,Femei_45-64
86687,Municipiul Deva,Femei_45-64
86749,Carjiti,Barbati_45-64
86810,Municipiul Hunedoara,Barbati_45-64
86883,Ghelari,Barbati_45-64
86936,Teliucu Inferior,Barbati_45-64
86990,Municipiul Petrosani,Barbati_45-64
87059,Municipiul Lupeni,Barbati_45-64
87077,Oras Petrila,Barbati_45-64
87139,Oras Uricani,Barbati_45-64
87175,Municipiul Vulcan,Barbati_45-64
87219,Oras Aninoasa,Barbati_45-64
87246,Banita,Barbati_45-64
87291,Municipiul Brad,Barbati_45-64
87362,Criscior,Barbati_45-64
87424,Oras Calan,Barbati_45-64
87576,Oras Hateg,Femei_45-64
87638,Municipiul Orastie,Femei_45-64
87665,Oras Simeria,Barbati_45-64
87745,Baia De Cris,Barbati_45-64
87843,Balsa,Barbati_45-64
87996,Baru,Barbati_45-64
88047,Bacia,Barbati_45-64
88092,Baita,Barbati_45-64
88216,Batrana,Barbati_65_
88261,Beriu,Barbati_45-64
88350,Blajeni,Barbati_45-64
88449,Bosorod,Barbati_45-64
88546,Branisca,Barbati_45-64
88644,Bretea Romana,Barbati_45-64
88788,Buces,Barbati_45-64
88868,Bucuresci,Femei_45-64
88920,Bulzestii De Sus,Barbati_45-64
89026,Bunila,Barbati_45-64
89080,Burjuc,Barbati_45-64
89151,Cerbal,Barbati_45-64
89240,Certeju De Sus,Barbati_45-64
89348,Densus,Barbati_45-64
89428,Dobra,Barbati_45-64
89561,Oras Geoagiu,Barbati_45-64
89687,Gurasada,Barbati_45-64
89801,Harau,Barbati_45-64
89856,Ilia,Barbati_45-64
89954,Lapugiu De Jos,Barbati_45-64
90066,Lelese,Barbati_45-64
90119,Lunca Cernii De Jos,Barbati_45-64
90208,Luncoiu De Jos,Barbati_45-64
90262,Martinesti,Barbati_45-64
90342,Orastioara De Sus,Barbati_45-64
90431,Pestisu Mic,Femei_45-64
90538,Pui,Barbati_45-64
90663,Rapoltu Mare,Barbati_45-64
90725,Rachitova,Barbati_45-64
90805,Ribita,Barbati_45-64
90878,Rau De Mori,Barbati_45-64
90994,Romos,Barbati_45-64
91054,Sarmizegetusa,Barbati_45-64
91116,Salasu De Sus,Barbati_45-64
91232,Santamaria-Orlea,Barbati_45-64
91330,Soimus,Barbati_45-64
91447,Tomesti,Barbati_45-64
91535,Toplita,Barbati_45-64
91624,Totesti,Femei_45-64
91688,Turdas,Barbati_45-64
91731,General Berthelot,Femei_45-64
91795,Vata De Jos,Barbati_45-64
91937,Valisoara,Barbati_45-64
91982,Vetel,Barbati_45-64
92097,Vorta,Femei_45-64
92177,Zam,Barbati_45-64
92569,Municipiul Calarasi,Femei_45-64
92587,Modelu,Barbati_45-64
92658,Municipiul Slobozia,Femei_45-64
92701,Municipiul Fetesti,Barbati_45-64
92765,Oras Tandarei,Barbati_45-64
92783,Albesti,Barbati_45-64
92836,Oras Amara,Barbati_45-64
92872,Andrasesti,Barbati_45-64
92907,Balaciu,Barbati_45-64
92961,Borcea,Barbati_45-64
92989,Bordusani,Barbati_45-64
93021,Bucu,Barbati_45-64
93067,Oras Cazanesti,Barbati_45-64
93085,Ciocanesti,Barbati_45-64
93101,Ciochina,Barbati_45-64
93156,Ciulnita,Barbati_45-64
93209,Cocora,Barbati_45-64
93236,Cosambesti,Barbati_45-64
93281,Cuza Voda,Barbati_45-64
93325,Dichiseni,Barbati_45-64
93370,Dor Marunt,Barbati_45-64
93441,Dorobantu,Barbati_45-64
93487,Dragalina,Barbati_45-64
93539,Dragos Voda,Barbati_45-64
93575,Facaeni,Barbati_45-64
93600,Gheorghe Doja,Barbati_45-64
93628,Gheorghe Lazar,Barbati_45-64
93646,Giurgeni,Barbati_45-64
93664,Gradistea,Barbati_45-64
93717,Grindu,Barbati_45-64
93735,Grivita,Barbati_45-64
93771,Independenta,Barbati_45-64
93815,Jegalia,Barbati_45-64
93851,Lehliu,Barbati_45-64
93888,Oras Lehliu Gara,Barbati_45-64
93931,Lupsanu,Barbati_45-64
93995,Mihail Kogalniceanu,Barbati_45-64
94045,Milosesti,Barbati_45-64
94081,Movila,Barbati_45-64
94107,Munteni-Buzau,Barbati_45-64
94125,Alexandru Odobescu,Barbati_45-64
94161,Perieti,Barbati_45-64
94223,Perisoru,Barbati_45-64
94269,Reviga,Barbati_45-64
94312,Roseti,Barbati_45-64
94330,Salcioara,Barbati_45-64
94376,Saveni,Barbati_45-64
94429,Scanteia,Barbati_45-64
94456,Sfantu Gheorghe,Barbati_45-64
94492,Stelnica,Barbati_45-64
94535,Suditi,Barbati_45-64
94562,Stefan Cel Mare,Barbati_45-64
94580,Stefan Voda,Barbati_45-64
94606,Ulmu,Femei_65_
94651,Unirea,Barbati_45-64
94688,Valea Ciorii,Barbati_45-64
94731,Valcelele,Barbati_45-64
94768,Vlad Tepes,Barbati_45-64
94795,Vladeni,Barbati_45-64
95060,Municipiul Iasi,Femei_45-64
95088,Barnova,Barbati_45-64
95159,Holboca,Barbati_45-64
95239,Rediu,Barbati_45-64
95293,Tomesti,Barbati_45-64
95355,Oras Harlau,Barbati_45-64
95391,Municipiul Pascani,Barbati_45-64
95471,Oras Targu Frumos,Barbati_45-64
95499,Ion Neculce,Barbati_45-64
95612,Alexandru I. Cuza,Barbati_45-64
95667,Andrieseni,Barbati_45-64
95747,Aroneanu,Barbati_45-64
95792,Baltati,Barbati_45-64
95872,Belcesti,Barbati_45-64
95943,Bivolari,Barbati_45-64
96003,Ungheni,Barbati_45-64
96058,Braesti,Barbati_45-64
96110,Butea,Barbati_45-64
96147,Ceplenita,Barbati_45-64
96192,Ciortesti,Barbati_45-64
96254,Ciurea,Barbati_45-64
96334,Coarnele Caprei,Barbati_45-64
96370,Comarna,Barbati_45-64
96423,Costuleni,Barbati_45-64
96478,Cotnari,Barbati_45-64
96593,Cozmesti,Barbati_45-64
96637,Cristesti,Barbati_45-64
96664,Cucuteni,Barbati_45-64
96717,Dagata,Barbati_45-64
96815,Deleni,Femei_45-64
96888,Dobrovat,Barbati_45-64
96904,Dolhesti,Barbati_45-64
96940,Dumesti,Barbati_45-64
97009,Erbiceni,Barbati_45-64
97063,Focuri,Barbati_45-64
97090,Golaiesti,Barbati_45-64
97189,Gorban,Barbati_45-64
97241,Grajduri,Barbati_45-64
97321,Gropnita,Barbati_45-64
97394,Grozesti,Barbati_45-64
97438,Halaucesti,Barbati_45-64
97465,Helesteni,Barbati_45-64
97517,Horlesti,Barbati_45-64
97553,Ipatele,Barbati_45-64
97606,Lespezi,Barbati_45-64
97679,Letcani,Barbati_45-64
97722,Lungani,Barbati_45-64
97777,Madarjac,Barbati_45-64
97811,Mircesti,Barbati_45-64
97875,Mironeasa,Barbati_45-64
97919,Miroslava,Barbati_45-64
98051,Miroslovesti,Barbati_45-64
98113,Mogosesti,Barbati_45-64
98168,Mogosesti-Siret,Barbati_45-64
98202,Mosna,Barbati_45-64
98220,Motca,Barbati_45-64
98257,Movileni,Barbati_45-64
98300,Oteleni,Barbati_45-64
98337,Plugari,Barbati_45-64
98373,Oras Podu Iloaiei,Barbati_45-64
98435,Popesti,Barbati_45-64
98505,Popricani,Barbati_45-64
98603,Prisacani,Barbati_45-64
98649,Probota,Barbati_45-64
98685,Raducaneni,Barbati_45-64
98738,Romanesti,Barbati_45-64
98774,Ruginoasa,Barbati_45-64
98827,Schitu Duca,Barbati_45-64
98916,Scanteia,Barbati_45-64
98998,Scobinti,Barbati_45-64
99058,Sinesti,Barbati_45-64
99101,Siretel,Barbati_45-64
99165,Stolniceni-Prajescu,Barbati_45-64
99209,Strunga,Barbati_45-64
99290,Scheia,Barbati_45-64
99370,Sipote,Barbati_45-64
99441,Tansa,Barbati_45-64
99478,Tatarusi,Barbati_45-64
99539,Todiresti,Barbati_45-64
99600,Trifesti,Barbati_45-64
99673,Tibana,Barbati_45-64
99780,Tibanesti,Barbati_45-64
99879,Tiganasi,Barbati_45-64
99922,Tutora,Barbati_45-64
99968,Valea Seaca,Barbati_45-64
100004,Victoria,Barbati_45-64
100086,Vanatori,Barbati_45-64
100148,Vladeni,Barbati_45-64
100219,Voinesti,Barbati_45-64
100273,Bals,Barbati_45-64
100282,Costesti,Barbati_45-64
100308,Draguseni,Barbati_45-64
100317,Fantanele,Barbati_45-64
100326,Harmanesti,Barbati_45-64
100335,Rachiteni,Barbati_45-64
100344,Roscani,Barbati_45-64
100353,Valea Lupului,Barbati_35-44
100362,Ciohorani,Barbati_45-64
100521,Municipiul Giurgiu,Barbati_45-64
100549,Slobozia,Barbati_45-64
100576,Oras Buftea,Femei_45-64
100610,Municipiul Oltenita,Barbati_45-64
100638,Mitreni,Barbati_45-64
100683,Municipiul Urziceni,Barbati_45-64
100709,Ciocarlia,Barbati_45-64
100736,Manasia,Barbati_45-64
100754,Adancata,Barbati_45-64
100781,Adunatii-Copaceni,Barbati_45-64
100834,Afumati,Barbati_45-64
100852,Alexeni,Barbati_45-64
100870,Armasesti,Barbati_45-64
100923,Axintele,Barbati_45-64
100969,Balotesti,Barbati_45-64
101001,Baneasa,Barbati_45-64
101056,Barcanesti,Barbati_45-64
101083,Belciugatele,Barbati_45-64
101145,Berceni,Barbati_45-64
101163,Bolintin-Deal,Barbati_45-64
101190,Oras Bolintin-Vale,Barbati_45-64
101243,Brazii,Barbati_45-64
101298,Branesti,Barbati_45-64
101341,Brezoaele,Barbati_45-64
101378,Bucsani,Barbati_45-64
101458,Oras Budesti,Barbati_45-64
101519,Bulbucata,Barbati_45-64
101564,Butimanu,Barbati_45-64
101617,Buturugeni,Barbati_45-64
101662,Calugareni,Barbati_45-64
101724,Cascioarele,Barbati_45-64
101742,Cernica,Barbati_45-64
101804,Chirnogi,Barbati_45-64
101822,Chiselet,Barbati_45-64
101840,Ciocanesti,Barbati_45-64
101902,Ciolpani,Barbati_45-64
101957,Ciorogarla,Barbati_45-64
101984,Clejani,Barbati_45-64
102035,Clinceni,Barbati_45-64
102071,Colibasi,Barbati_45-64
102106,Comana,Barbati_45-64
102160,Corbeanca,Barbati_45-64
102213,Cornetu,Barbati_45-64
102240,Cosereni,Barbati_45-64
102286,Crevedia,Barbati_45-64
102348,Crevedia Mare,Barbati_45-64
102419,Curcani,Barbati_45-64
102446,Daia,Barbati_45-64
102473,Dascalu,Barbati_45-64
102525,Darasti-Ilfov,Barbati_45-64
102543,1 Decembrie,Barbati_45-64
102570,Domnesti,Barbati_45-64
102605,Dragomiresti-Vale,Barbati_45-64
102641,Dragoesti,Barbati_45-64
102703,Dridu,Barbati_45-64
102749,Oras Fierbinti-Targ,Barbati_45-64
102794,Floresti-Stoenesti,Barbati_45-64
102838,Frasinet,Barbati_45-64
102909,Fratesti,Barbati_45-64
102945,Frumusani,Barbati_45-64
103014,Fundeni,Barbati_45-64
103032,Oras Fundulea,Barbati_45-64
103087,Gaiseni,Barbati_45-64
103130,Ganeasa,Barbati_45-64
103194,Gaujani,Barbati_45-64
103238,Ghimpati,Femei_65_
103283,Garbovi,Barbati_45-64
103309,Gogosari,Barbati_45-64
103354,Gostinu,Femei_65_
103372,Gostinari,Barbati_45-64
103407,Gradinari,Barbati_45-64
103443,Gradistea,Barbati_45-64
103470,Greaca,Barbati_45-64
103513,Gruiu,Barbati_45-64
103568,Gurbanesti,Barbati_45-64
103639,Hotarele,Barbati_45-64
103693,Iepuresti,Barbati_45-64
103764,Ileana,Barbati_45-64
103862,Ion Roata,Barbati_45-64
103899,Izvoarele,Barbati_45-64
103960,Jilavele,Barbati_45-64
103997,Joita,Barbati_45-64
104047,Letca Noua,Barbati_45-64
104083,Luica,Barbati_45-64
104118,Mihai Bravu,Femei_45-64
104136,Oras Mihailesti,Barbati_45-64
104181,Manastirea,Barbati_45-64
104225,Marsa,Barbati_45-64
104243,Moara Vlasiei,Barbati_45-64
104270,Movilita,Barbati_45-64
104323,Nana,Barbati_45-64
104341,Nicolae Balcescu,Barbati_45-64
104387,Niculesti,Barbati_45-64
104421,Nuci,Barbati_45-64
104485,Ogrezeni,Barbati_45-64
104519,Oinacu,Barbati_45-64
104546,Peris,Barbati_45-64
104582,Petrachioaia,Barbati_45-64
104635,Plataresti,Barbati_45-64
104680,Prundu,Barbati_45-64
104715,Putineiu,Femei_45-64
104751,Radovanu,Barbati_45-64
104788,Rasuceni,Femei_65_
104831,Roata De Jos,Barbati_45-64
104886,Sarulesti,Barbati_45-64
104975,Schitu,Barbati_45-64
105026,Sinesti,Barbati_45-64
105106,Singureni,Barbati_45-64
105142,Slobozia Moara,Barbati_45-64
105160,Snagov,Barbati_45-64
105222,Sohatu,Barbati_45-64
105259,Spantov,Barbati_45-64
105295,Stanesti,Barbati_45-64
105348,Stoenesti,Barbati_45-64
105384,Soldanu,Barbati_45-64
105419,Stefanestii De Jos,Barbati_45-64
105455,Tamadau Mare,Barbati_45-64
105534,Tartasesti,Barbati_45-64
105570,Tunari,Barbati_45-64
105605,Ulmeni,Barbati_45-64
105623,Ulmi,Barbati_45-64
105712,Valea Argovei,Barbati_45-64
105776,Valea Dragului,Barbati_45-64
105794,Valea Macrisului,Barbati_65_
105829,Vasilati,Barbati_45-64
105874,Varasti,Barbati_45-64
105909,Vedea,Barbati_45-64
105936,Vidra,Barbati_45-64
105972,Vanatorii Mici,Barbati_45-64
106318,Municipiul Baia Mare,Femei_45-64
106363,Grosi,Barbati_45-64
106407,Recea,Barbati_45-64
106461,Oras Tautii-Magheraus,Barbati_45-64
106559,Municipiul Sighetu Marmatiei,Barbati_45-64
106620,Sarasau,Barbati_45-64
106648,Vadu Izei,Barbati_45-64
106684,Oras Baia Sprie,Barbati_45-64
106746,Oras Borsa,Barbati_45-64
106782,Oras Cavnic,Barbati_45-64
106817,Oras Targu Lapus,Barbati_45-64
106979,Oras Viseu De Sus,Barbati_45-64
107001,Ardusat,Barbati_45-64
107047,Arinis,Femei_45-64
107083,Asuaju De Sus,Barbati_45-64
107118,Baita De Sub Codru,Barbati_45-64
107154,Baiut,Barbati_45-64
107190,Basesti,Barbati_45-64
107234,Bicaz,Barbati_45-64
107270,Bistra,Barbati_45-64
107314,Barsana,Barbati_45-64
107350,Bocicoiu Mare,Barbati_45-64
107403,Bogdan Voda,Barbati_65_
107430,Boiu Mare,Barbati_45-64
107485,Botiza,Barbati_45-64
107519,Budesti,Barbati_45-64
107546,Calinesti,Barbati_45-64
107582,Cernesti,Barbati_45-64
107662,Cicarlau,Barbati_45-64
107715,Campulung La Tisa,Barbati_45-64
107733,Copalnic-Manastur,Barbati_45-64
107868,Coroieni,Barbati_45-64
107920,Cupseni,Barbati_45-64
107975,Desesti,Femei_45-64
108017,Oras Dragomiresti,Barbati_45-64
108035,Dumbravita,Barbati_45-64
108106,Farcasa,Barbati_45-64
108151,Giulesti,Barbati_45-64
108204,Ieud,Barbati_45-64
108222,Lapus,Barbati_45-64
108240,Leordina,Barbati_45-64
108268,Miresu Mare,Barbati_45-64
108348,Moisei,Barbati_45-64
108366,Oarta De Jos,Barbati_45-64
108400,Ocna Sugatag,Barbati_45-64
108455,Petrova,Barbati_45-64
108473,Poienile De Sub Munte,Barbati_45-64
108491,Remetea Chioarului,Barbati_45-64
108552,Remeti,Barbati_45-64
108598,Repedea,Barbati_45-64
108614,Rona De Jos,Barbati_45-64
108632,Rona De Sus,Barbati_45-64
108669,Rozavlea,Barbati_45-64
108696,Ruscova,Barbati_45-64
108712,Satulung,Barbati_45-64
108794,Sacalaseni,Barbati_45-64
108874,Sacel,Barbati_45-64
108892,Oras Salistea De Sus,Barbati_45-64
108918,Salsig,Barbati_45-64
108945,Sapanta,Barbati_45-64
108963,Oras Seini,Barbati_45-64
109005,Stramtura,Barbati_45-64
109041,Suciu De Sus,Barbati_45-64
109096,Sisesti,Barbati_45-64
109176,Oras Somcuta Mare,Barbati_45-64
109265,Oras Ulmeni,Femei_45-64
109354,Valea Chioarului,Barbati_45-64
109425,Vima Mica,Barbati_45-64
109504,Viseu De Jos,Barbati_45-64
109773,Municipiul Drobeta-Turnu Severin,Femei_45-64
109826,Simian,Barbati_45-64
109924,Oras Baia De Arama,Barbati_45-64
110027,Obarsia-Closani,Barbati_45-64
110063,Municipiul Orsova,Barbati_45-64
110116,Oras Strehaia,Barbati_45-64
110232,Oras Vanju Mare,Barbati_45-64
110296,Bala,Barbati_45-64
110456,Balta,Femei_45-64
110535,Balacita,Barbati_45-64
110571,Bacles,Femei_65_
110688,Balvanesti,Barbati_45-64
110740,Breznita-Motru,Barbati_45-64
110820,Breznita-Ocol,Barbati_45-64
110875,Brosteni,Barbati_45-64
110946,Burila Mare,Barbati_45-64
111006,Butoiesti,Barbati_45-64
111097,Cazanesti,Barbati_45-64
111220,Ciresu,Barbati_45-64
111275,Corcova,Barbati_45-64
111417,Corlatel,Barbati_45-64
111444,Cujmir,Barbati_45-64
111480,Devesel,Barbati_45-64
111550,Darvari,Barbati_45-64
111587,Dumbrava,Barbati_45-64
111685,Floresti,Barbati_45-64
111783,Garla Mare,Barbati_45-64
111818,Godeanu,Barbati_45-64
111863,Gogosu,Barbati_45-64
111916,Greci,Barbati_45-64
111989,Grozesti,Barbati_45-64
112030,Gruia,Barbati_45-64
112076,Hinova,Barbati_45-64
112129,Husnicioara,Barbati_45-64
112245,Eselnita,Barbati_45-64
112263,Ilovat,Barbati_45-64
112334,Ilovita,Barbati_45-64
112370,Isverna,Barbati_45-64
112469,Izvoru Barzii,Barbati_45-64
112548,Jiana,Barbati_45-64
112600,Livezile,Barbati_45-64
112664,Malovat,Barbati_45-64
112744,Obarsia De Camp,Barbati_45-64
112771,Oprisor,Barbati_45-64
112806,Padina,Barbati_45-64
112879,Patulele,Barbati_45-64
112904,Dubova,Barbati_45-64
112959,Podeni,Barbati_45-64
112995,Ponoarele,Barbati_45-64
113153,Poroina Mare,Barbati_45-64
113206,Pristol,Femei_65_
113233,Prunisor,Barbati_45-64
113395,Punghina,Barbati_45-64
113466,Rogova,Barbati_45-64
113493,Salcia,Barbati_45-64
113518,Stangaceaua,Barbati_45-64
113607,Svinita,Barbati_45-64
113625,Sisesti,Barbati_45-64
113698,Sovarna,Barbati_45-64
113732,Tamna,Barbati_45-64
113849,Vanatori,Barbati_45-64
113894,Vanjulet,Barbati_45-64
113929,Vladaia,Barbati_45-64
113974,Voloiac,Barbati_45-64
114060,Branistea,Barbati_45-64
114079,Vrata,Barbati_45-64
114319,Municipiul Targu Mures,Femei_45-64
114355,Cristesti,Barbati_45-64
114382,Sancraiu De Mures,Barbati_45-64
114417,Sangeorgiu De Mures,Barbati_45-64
114453,Santana De Mures,Femei_45-64
114514,Municipiul Sighisoara,Barbati_45-64
114603,Albesti,Barbati_45-64
114710,Oras Ludus,Barbati_45-64
114809,Municipiul Reghin,Barbati_45-64
114854,Oras Sovata,Barbati_45-64
114925,Municipiul Tarnaveni,Barbati_45-64
114970,Acatari,Femei_45-64
115076,Adamus,Barbati_45-64
115147,Alunis,Barbati_45-64
115183,Apold,Barbati_45-64
115236,Atintis,Barbati_45-64
115307,Bahnea,Barbati_45-64
115389,Band,Barbati_45-64
115520,Batos,Barbati_45-64
115575,Bagaciu,Barbati_45-64
115600,Bala,Barbati_45-64
115637,Balauseri,Barbati_45-64
115708,Beica De Jos,Barbati_45-64
115771,Bichis,Barbati_45-64
115824,Bogata,Barbati_45-64
115851,Breaza,Barbati_45-64
115897,Brancovenesti,Barbati_45-64
115959,Ceuasu De Campie,Barbati_45-64
116046,Chetani,Barbati_45-64
116126,Chiheru De Jos,Barbati_45-64
116171,Coroisanmartin,Barbati_45-64
116224,Cozma,Barbati_45-64
116288,Craciunesti,Barbati_45-64
116340,Craiesti,Barbati_45-64
116395,Cucerdea,Barbati_45-64
116439,Cuci,Barbati_45-64
116493,Danes,Barbati_45-64
116545,Deda,Barbati_45-64
116590,Eremitu,Femei_45-64
116652,Ernei,Barbati_45-64
116723,Faragau,Barbati_45-64
116796,Fantanele,Barbati_45-64
116867,Galesti,Barbati_45-64
116938,Ganesti,Femei_45-64
116983,Gheorghe Doja,Barbati_45-64
117042,Ghindari,Barbati_45-64
117113,Glodeni,Barbati_45-64
117177,Gornesti,Barbati_45-64
117275,Grebenisu De Campie,Barbati_45-64
117319,Gurghiu,Barbati_45-64
117426,Hodac,Barbati_45-64
117505,Hodosa,Barbati_45-64
117550,Ibanesti,Barbati_45-64
117667,Iclanzel,Barbati_45-64
117783,Ideciu De Jos,Barbati_45-64
117827,Oras Iernut,Barbati_45-64
117925,Livezeni,Barbati_45-64
117998,Lunca,Barbati_45-64
118058,Lunca Bradului,Barbati_45-64
118094,Magherani,Femei_65_
118209,Mica,Barbati_45-64
118281,Oras Miercurea Nirajului,Femei_45-64
118370,Mihesu De Campie,Barbati_45-64
118469,Nades,Barbati_45-64
118511,Neaua,Femei_45-64
118575,Ogra,Barbati_45-64
118637,Papiu Ilarian,Barbati_45-64
118691,Panet,Barbati_45-64
118753,Pasareni,Barbati_45-64
118799,Petelea,Barbati_45-64
118824,Pogaceaua,Barbati_45-64
118931,Rastolita,Barbati_45-64
118995,Raciu,Barbati_45-64
119153,Rusii-Munti,Barbati_45-64
119206,Saschiz,Barbati_45-64
119242,Oras Sarmasu,Barbati_45-64
119331,Oras Sangeorgiu De Padure,Barbati_45-64
119386,Sanger,Barbati_45-64
119466,Sanpaul,Barbati_45-64
119527,Sanpetru De Campie,Barbati_45-64
119590,Solovastru,Barbati_45-64
119625,Stanceni,Barbati_45-64
119661,Suplac,Barbati_45-64
119723,Suseni,Femei_45-64
119750,Saulia,Barbati_45-64
119803,Sincai,Barbati_45-64
119858,Taureni,Barbati_45-64
119894,Oras Ungheni,Barbati_45-64
119974,Valea Larga,Barbati_45-64
120076,Vargata,Barbati_45-64
120138,Vatava,Barbati_45-64
120174,Vetca,Femei_65_
120218,Viisoara,Barbati_45-64
120254,Vanatori,Femei_45-64
120316,Voivodeni,Barbati_45-64
120343,Zagar,Barbati_45-64
120370,Zau De Campie,Barbati_45-64
120478,Chibed,Barbati_45-64
120487,Corunca,Barbati_45-64
120496,Sarateni,Barbati_45-64
120502,Madaras,Barbati_45-64
120511,Bereni,Barbati_45-64
120726,Municipiul Piatra-Neamt,Femei_45-64
120771,Dumbrava Rosie,Barbati_45-64
120824,Savinesti,Femei_45-64
120860,Municipiul Roman,Femei_45-64
120888,Cordun,Femei_45-64
120922,Horia,Barbati_45-64
120968,Oras Bicaz,Barbati_45-64
121055,Oras Targu Neamt,Femei_45-64
121108,Agapia,Femei_45-64
121153,Bahna,Barbati_45-64
121242,Baltatesti,Barbati_45-64
121297,Bicaz-Chei,Barbati_45-64
121340,Bicazu Ardelean,Barbati_45-64
121386,Bira,Barbati_45-64
121466,Bargauani,Barbati_45-64
121607,Bodesti,Barbati_45-64
121652,Borca,Barbati_45-64
121732,Borlesti,Barbati_45-64
121796,Botesti,Barbati_45-64
121876,Bozieni,Barbati_45-64
121938,Brusturi,Barbati_45-64
122025,Ceahlau,Barbati_45-64
122061,Candesti,Barbati_45-64
122132,Costisa,Barbati_45-64
122187,Cracaoani,Barbati_45-64
122249,Damuc,Barbati_45-64
122285,Dobreni,Barbati_45-64
122347,Doljesti,Barbati_45-64
122392,Dragomiresti,Barbati_45-64
122463,Dulcesti,Barbati_45-64
122551,Farcasa,Barbati_45-64
122613,Faurei,Barbati_45-64
122668,Gheraesti,Barbati_45-64
122702,Girov,Barbati_45-64
122828,Garcina,Barbati_45-64
122864,Grinties,Barbati_45-64
122908,Grumazesti,Barbati_45-64
122953,Hangu,Barbati_45-64
123013,Icusesti,Barbati_45-64
123102,Ion Creanga,Barbati_45-64
123175,Margineni,Barbati_45-64
123228,Moldoveni,Barbati_45-64
123255,Oniceni,Barbati_45-64
123371,Pastraveni,Barbati_45-64
123424,Petricani,Barbati_45-64
123479,Piatra Soimului,Barbati_45-64
123521,Pipirig,Barbati_45-64
123601,Pangarati,Barbati_45-64
123674,Podoleni,Barbati_45-64
123709,Poienari,Barbati_45-64
123790,Poiana Teiului,Barbati_45-64
123914,Raucesti,Barbati_45-64
123969,Razboieni,Barbati_45-64
124028,Rediu,Barbati_45-64
124073,Romani,Barbati_45-64
124117,Oras Roznov,Barbati_45-64
124153,Sagna,Barbati_45-64
124206,Sabaoani,Barbati_45-64
124233,Secuieni,Barbati_45-64
124331,Stanita,Barbati_45-64
124411,Stefan Cel Mare,Barbati_45-64
124493,Tarcau,Barbati_45-64
124563,Tasca,Femei_45-64
124616,Tazlau,Barbati_45-64
124634,Tamaseni,Femei_45-64
124661,Timisesti,Barbati_45-64
124723,Trifesti,Barbati_45-64
124750,Tupilati,Barbati_45-64
124803,Tibucani,Barbati_45-64
124849,Urecheni,Barbati_45-64
124885,Valea Ursului,Barbati_45-64
124938,Alexandru Cel Bun,Barbati_45-64
125016,Vanatori-Neamt,Barbati_45-64
125061,Zanesti,Barbati_45-64
125098,Dochia,Barbati_45-64
125105,Ruginoasa,Barbati_45-64
125114,Ghindaoani,Barbati_45-64
125123,Valeni,Barbati_45-64
125132,Draganesti,Barbati_45-64
125141,Pancesti,Barbati_45-64
125150,Gadinti,Barbati_45-64
125169,Negresti,Barbati_45-64
125178,Boghicea,Barbati_45-64
125347,Municipiul Slatina,Femei_45-64
125374,Slatioara,Barbati_45-64
125418,Oras Bals,Femei_45-64
125472,Municipiul Caracal,Barbati_45-64
125490,Draghiceni,Barbati_45-64
125542,Oras Corabia,Barbati_45-64
125588,Garcov,Barbati_45-64
125622,Oras Draganesti-Olt,Barbati_45-64
125659,Babiciu,Barbati_45-64
125677,Baldovinesti,Barbati_45-64
125757,Barasti,Barbati_45-64
125846,Barza,Barbati_45-64
125873,Bobicesti,Barbati_45-64
125962,Brastavatu,Barbati_45-64
125999,Brebeni,Barbati_45-64
126022,Brancoveni,Barbati_45-64
126077,Bucinisu,Barbati_45-64
126102,Cezieni,Barbati_45-64
126148,Cilieni,Barbati_45-64
126166,Carlogani,Barbati_45-64
126228,Colonesti,Barbati_45-64
126326,Corbu,Barbati_45-64
126380,Coteana,Barbati_45-64
126406,Crampoia,Barbati_45-64
126433,Curtisoara,Barbati_45-64
126503,Cungrea,Barbati_45-64
126585,Daneasa,Barbati_45-64
126647,Deveselu,Barbati_45-64
126674,Dobretu,Barbati_45-64
126718,Dobrosloveni,Barbati_45-64
126772,Dobroteasa,Barbati_45-64
126825,Dobrun,Barbati_45-64
126905,Fagetelu,Barbati_45-64
126978,Falcoiu,Barbati_45-64
127019,Farcasele,Barbati_45-64
127064,Ganeasa,Barbati_45-64
127126,Giuvarasti,Barbati_45-64
127144,Gostavatu,Barbati_45-64
127171,Gradinari,Barbati_45-64
127224,Grojdibodu,Barbati_45-64
127251,Ianca,Barbati_45-64
127288,Iancu Jianu,Barbati_45-64
127322,Icoana,Barbati_45-64
127368,Izbiceni,Barbati_45-64
127386,Izvoarele,Barbati_45-64
127411,Leleasca,Barbati_45-64
127493,Maruntei,Barbati_45-64
127536,Mihaesti,Barbati_45-64
127563,Milcov,Barbati_45-64
127625,Morunglav,Barbati_45-64
127689,Movileni,Barbati_45-64
127714,Nicolae Titulescu,Femei_65_
127750,Obarsia,Barbati_45-64
127812,Oboga,Barbati_45-64
127858,Oporelu,Barbati_45-64
127901,Optasi-Magura,Barbati_45-64
127938,Orlea,Barbati_45-64
127983,Osica De Sus,Barbati_45-64
128052,Perieti,Barbati_45-64
128105,Oras Piatra-Olt,Barbati_45-64
128178,Parscoveni,Barbati_45-64
128221,Plesoiu,Barbati_45-64
128301,Poboru,Barbati_45-64
128374,Oras Potcoava,Barbati_45-64
128436,Priseaca,Barbati_45-64
128472,Radomiresti,Barbati_45-64
128524,Redea,Barbati_45-64
128560,Rotunda,Barbati_45-64
128588,Rusanesti,Barbati_45-64
128613,Scarisoara,Barbati_45-64
128659,Schitu,Barbati_45-64
128711,Oras Scornicesti,Barbati_45-64
128864,Seaca,Barbati_45-64
128882,Samburesti,Barbati_45-64
128962,Spineni,Barbati_45-64
129040,Sprancenata,Barbati_45-64
129095,Stoenesti,Barbati_45-64
129111,Stoicanesti,Barbati_45-64
129139,Strejesti,Barbati_45-64
129184,Studina,Barbati_45-64
129246,Serbanesti,Barbati_45-64
129282,Stefan Cel Mare,Femei_65_
129317,Tatulesti,Barbati_45-64
129380,Teslui,Barbati_45-64
129460,Tia Mare,Barbati_45-64
129503,Topana,Femei_65_
129567,Traian,Barbati_45-64
129585,Tufeni,Barbati_45-64
129629,Urzica,Barbati_45-64
129656,Valea Mare,Barbati_45-64
129718,Vadastra,Barbati_45-64
129745,Vadastrita,Barbati_45-64
129763,Valeni,Barbati_45-64
129816,Verguleasa,Barbati_45-64
129898,Visina,Barbati_45-64
129914,Vitomiresti,Barbati_45-64
129987,Valcele,Barbati_45-64
130026,Vladila,Barbati_45-64
130062,Voineasa,Barbati_45-64
130124,Vulpeni,Barbati_45-64
130231,Vulturesti,Barbati_45-64
130286,Balteni,Barbati_45-64
130295,Calui,Femei_45-64
130302,Gavanesti,Femei_45-64
130311,Ghimpeteni,Barbati_45-64
130320,Gradinile,Barbati_45-64
130339,Gura Padinii,Barbati_45-64
130348,Ipotesti,Barbati_45-64
130357,Osica De Jos,Barbati_45-64
130366,Sarbii - Magura,Barbati_45-64
130375,Visina Noua,Barbati_45-64
130384,Soparlita,Barbati_45-64
130534,Municipiul Ploiesti,Femei_45-64
130552,Barcanesti,Barbati_45-64
130614,Berceni,Barbati_45-64
130678,Blejoi,Barbati_45-64
130712,Brazi,Barbati_45-64
130785,Bucov,Barbati_45-64
130847,Paulesti,Barbati_45-64
130892,Targsoru Vechi,Barbati_45-64
130954,Oras Azuga,Femei_45-64
130981,Oras Baicoi,Barbati_45-64
131069,Oras Boldesti-Scaeni,Barbati_45-64
131103,Oras Breaza,Femei_45-64
131210,Oras Busteni,Barbati_45-64
131256,Municipiul Campina,Femei_45-64
131274,Poiana Campina,Femei_45-64
131336,Oras Comarnic,Barbati_45-64
131407,Oras Mizil,Femei_45-64
131443,Oras Plopeni,Barbati_45-64
131461,Dumbravesti,Barbati_45-64
131540,Oras Sinaia,Femei_45-64
131577,Oras Slanic,Barbati_45-64
131620,Oras Urlati,Barbati_45-64
131817,Oras Valenii De Munte,Femei_45-64
131835,Gura Vitioarei,Barbati_45-64
131899,Adunati,Barbati_45-64
131933,Albesti-Paleologu,Barbati_45-64
131988,Alunis,Barbati_45-64
132011,Apostolache,Barbati_45-64
132075,Aricestii Rahtivani,Barbati_45-64
132137,Aricestii Zeletin,Barbati_45-64
132164,Baba Ana,Barbati_45-64
132226,Balta Doamnei,Barbati_45-64
132271,Baltesti,Barbati_45-64
132315,Banesti,Barbati_45-64
132342,Bertea,Femei_45-64
132379,Boldesti-Gradistea,Barbati_45-64
132404,Brebu,Femei_45-64
132459,Calugareni,Barbati_45-64
132486,Carbunesti,Barbati_45-64
132510,Ceptura,Barbati_45-64
132574,Cerasu,Barbati_45-64
132645,Chiojdeanca,Barbati_45-64
132681,Ciorani,Barbati_45-64
132716,Cocorastii Mislii,Barbati_45-64
132752,Colceag,Barbati_45-64
132805,Cornu,Femei_45-64
132841,Cosminele,Barbati_45-64
132896,Drajna,Barbati_45-64
133018,Draganesti,Barbati_45-64
133090,Dumbrava,Barbati_45-64
133161,Filipestii De Padure,Barbati_45-64
133214,Filipestii De Targ,Barbati_45-64
133278,Fantanele,Barbati_45-64
133330,Floresti,Femei_45-64
133394,Fulga,Barbati_45-64
133429,Gherghita,Barbati_45-64
133508,Gorgota,Barbati_45-64
133562,Gornet,Barbati_45-64
133615,Gornet-Cricov,Barbati_45-64
133688,Gura Vadului,Femei_45-64
133722,Iordacheanu,Barbati_45-64
133795,Izvoarele,Femei_45-64
133866,Jugureni,Femei_65_
133919,Lapos,Barbati_45-64
133964,Lipanesti,Barbati_45-64
134014,Magurele,Barbati_45-64
134050,Magureni,Femei_45-64
134096,Maneciu,Barbati_45-64
134194,Manesti,Barbati_45-64
134336,Pacureti,Barbati_45-64
134390,Plopu,Barbati_45-64
134443,Podenii Noi,Barbati_45-64
134559,Poienarii Burchii,Barbati_45-64
134648,Posesti,Barbati_45-64
134755,Predeal-Sarari,Barbati_45-64
134853,Provita De Jos,Barbati_45-64
134899,Provita De Sus,Barbati_45-64
134942,Puchenii Mari,Barbati_45-64
135020,Rafov,Barbati_45-64
135128,Salcia,Barbati_45-64
135146,Salciile,Femei_65_
135164,Scorteni,Barbati_45-64
135226,Secaria,Barbati_45-64
135244,Sangeru,Barbati_45-64
135315,Starchiojd,Barbati_45-64
135404,Surani,Barbati_45-64
135431,Sirna,Barbati_45-64
135501,Soimari,Barbati_45-64
135547,Sotrile,Barbati_45-64
135618,Stefesti,Barbati_45-64
135654,Talea,Femei_45-64
135681,Tataru,Barbati_45-64
135725,Teisani,Barbati_45-64
135789,Telega,Barbati_45-64
135850,Tinosu,Barbati_45-64
135896,Tomsani,Barbati_45-64
135949,Valea Calugareasca,Barbati_45-64
136107,Valea Doftanei,Barbati_45-64
136134,Varbilau,Barbati_45-64
136198,Valcanesti,Barbati_45-64
136241,Cocorastii Colt,Barbati_45-64
136250,Olari,Barbati_45-64
136269,Vadu Sapat,Barbati_45-64
136278,Batrani,Barbati_45-64
136483,Municipiul Satu Mare,Femei_45-64
136526,Municipiul Carei,Femei_45-64
136553,Capleni,Femei_45-64
136599,Oras Negresti-Oas,Femei_45-64
136642,Oras Tasnad,Femei_45-64
136713,Acas,Barbati_45-64
136768,Andrid,Barbati_45-64
136802,Apa,Barbati_45-64
136848,Oras Ardud,Barbati_45-64
136919,Batarci,Femei_45-64
136964,Beltiug,Barbati_45-64
137032,Berveni,Barbati_45-64
137069,Bixad,Barbati_45-64
137103,Barsau,Barbati_45-64
137130,Bogdand,Barbati_45-64
137185,Botiz,Barbati_45-64
137229,Calinesti-Oas,Barbati_45-64
137274,Camarzana,Barbati_45-64
137292,Cauas,Barbati_45-64
137363,Cehal,Barbati_45-64
137407,Certeze,Barbati_45-64
137443,Craidorolt,Barbati_45-64
137504,Crucisor,Barbati_45-64
137540,Culciu,Barbati_45-64
137611,Doba,Barbati_45-64
137675,Dorolt,Barbati_45-64
137728,Foieni,Femei_45-64
137746,Gherta Mica,Femei_45-64
137764,Halmeu,Barbati_45-64
137844,Hodod,Barbati_45-64
137899,Homoroade,Barbati_45-64
137960,Lazuri,Barbati_45-64
138039,Oras Livada,Barbati_45-64
138084,Mediesu Aurit,Barbati_45-64
138164,Micula,Barbati_45-64
138208,Moftin,Barbati_45-64
138280,Odoreu,Barbati_45-64
138351,Orasu Nou,Barbati_45-64
138431,Paulesti,Barbati_45-64
138501,Petresti,Femei_45-64
138538,Pir,Barbati_45-64
138574,Piscolt,Barbati_45-64
138618,Pomi,Barbati_45-64
138663,Sanislau,Barbati_45-64
138734,Santau,Barbati_45-64
138770,Sacaseni,Femei_45-64
138805,Sauca,Barbati_45-64
138869,Socond,Barbati_45-64
138921,Supur,Barbati_45-64
139009,Tarna Mare,Barbati_45-64
139054,Terebesti,Barbati_45-64
139107,Tiream,Barbati_45-64
139143,Tarsolt,Femei_45-64
139170,Turt,Barbati_45-64
139214,Turulung,Barbati_45-64
139250,Urziceni,Femei_45-64
139287,Valea Vinului,Barbati_45-64
139330,Vama,Barbati_45-64
139358,Vetis,Barbati_45-64
139394,Viile Satu Mare,Barbati_45-64
139704,Municipiul Zalau,Femei_45-64
139740,Oras Cehu Silvaniei,Barbati_45-64
139811,Oras Jibou,Barbati_45-64
139884,Oras Simleu Silvaniei,Barbati_45-64
139937,Agrij,Barbati_45-64
139982,Almasu,Barbati_45-64
140084,Babeni,Barbati_45-64
140146,Balan,Barbati_45-64
140208,Banisor,Barbati_45-64
140244,Benesat,Barbati_45-64
140280,Bobota,Barbati_45-64
140324,Bocsa,Barbati_45-64
140379,Buciumi,Barbati_45-64
140440,Camar,Femei_45-64
140477,Carastelec,Femei_65_
140501,Chiesd,Barbati_45-64
140547,Cizer,Barbati_65_
140583,Coseiu,Barbati_45-64
140627,Crasna,Femei_45-64
140672,Creaca,Barbati_45-64
140770,Cristolt,Barbati_45-64
140823,Criseni,Barbati_45-64
140869,Cuzaplac,Barbati_45-64
140958,Dobrin,Barbati_45-64
141027,Dragu,Barbati_45-64
141081,Fildu De Jos,Barbati_45-64
141134,Galgau,Barbati_45-64
141232,Garbou,Barbati_45-64
141312,Halmasd,Barbati_45-64
141376,Hereclean,Barbati_45-64
141447,Hida,Barbati_45-64
141535,Horoatu Crasnei,Barbati_45-64
141580,Ileanda,Barbati_45-64
141722,Ip,Barbati_45-64
141786,Letca,Barbati_45-64
141884,Lozna,Femei_65_
141946,Marca,Barbati_45-64
142006,Maeriste,Barbati_45-64
142079,Mesesenii De Jos,Barbati_45-64
142122,Mirsid,Barbati_45-64
142177,Napradea,Barbati_45-64
142239,Nusfalau,Femei_45-64
142284,Pericei,Barbati_45-64
142337,Plopis,Barbati_45-64
142373,Poiana Blenchii,Barbati_45-64
142426,Romanasi,Barbati_45-64
142499,Rus,Barbati_45-64
142550,Salatig,Femei_45-64
142612,Sag,Barbati_45-64
142676,Sanmihaiu Almasului,Barbati_45-64
142710,Somes-Odorhei,Barbati_45-64
142774,Surduc,Barbati_45-64
142854,Samsud,Barbati_45-64
142881,Sarmasag,Barbati_45-64
142952,Valcau De Jos,Barbati_45-64
143021,Varsolt,Barbati_45-64
143067,Zalha,Barbati_45-64
143147,Zimbor,Barbati_25-34
143450,Municipiul Sibiu,Femei_45-64
143487,Cristian,Barbati_45-64
143502,Poplaca,Barbati_45-64
143520,Rasinari,Barbati_45-64
143557,Selimbar,Barbati_35-44
143619,Municipiul Medias,Barbati_45-64
143646,Tarnava,Barbati_45-64
143682,Oras Agnita,Barbati_45-64
143735,Oras Cisnadie,Barbati_45-64
143771,Oras Copsa Mica,Barbati_45-64
143806,Oras Dumbraveni,Barbati_45-64
143851,Oras Ocna Sibiului,Barbati_45-64
143888,Altina,Barbati_45-64
143922,Apoldu De Jos,Barbati_45-64
143959,Arpasu De Jos,Barbati_45-64
143995,Atel,Barbati_45-64
144054,Oras Avrig,Barbati_45-64
144116,Axente Sever,Barbati_45-64
144152,Bazna,Barbati_45-64
144198,Biertan,Barbati_45-64
144232,Barghis,Barbati_45-64
144303,Blajel,Barbati_45-64
144349,Brateiu,Femei_45-64
144376,Bradeni,Barbati_45-64
144410,Bruiu,Barbati_45-64
144456,Chirpar,Barbati_45-64
144508,Carta,Femei_45-64
144535,Cartisoara,Barbati_45-64
144553,Darlos,Barbati_45-64
144599,Gura Raului,Barbati_45-64
144615,Hoghilag,Barbati_45-64
144651,Iacobeni,Barbati_45-64
144713,Jina,Barbati_45-64
144731,Laslea,Barbati_45-64
144795,Loamnes,Barbati_45-64
144866,Ludos,Barbati_45-64
144893,Marpod,Barbati_45-64
144928,Oras Miercurea Sibiului,Barbati_45-64
144964,Merghindeal,Barbati_45-64
144991,Micasasa,Barbati_45-64
145042,Mihaileni,Barbati_45-64
145104,Mosna,Barbati_45-64
145140,Nocrich,Barbati_45-64
145202,Orlat,Barbati_45-64
145220,Pauca,Barbati_45-64
145275,Poiana Sibiului,Femei_45-64
145293,Porumbacu De Jos,Barbati_45-64
145355,Racovita,Barbati_45-64
145382,Rau Sadului,Femei_45-64
145408,Rosia,Barbati_45-64
145471,Sadu,Femei_45-64
145499,Oras Saliste,Barbati_45-64
145603,Slimnic,Barbati_45-64
145667,Seica Mare,Barbati_45-64
145738,Seica Mica,Barbati_45-64
145765,Sura Mare,Barbati_45-64
145792,Sura Mica,Barbati_45-64
145827,Oras Talmaciu,Barbati_45-64
145907,Tilisca,Barbati_45-64
145934,Turnu Rosu,Femei_45-64
145961,Valea Viilor,Femei_45-64
145998,Vurpar,Barbati_45-64
146012,Alma,Barbati_45-64
146021,Boita,Barbati_45-64
146263,Municipiul Suceava,Femei_45-64
146281,Ipotesti,Barbati_45-64
146325,Mitocu Dragomirnei,Barbati_45-64
146370,Oras Salcea,Barbati_45-64
146432,Scheia,Barbati_45-64
146502,Municipiul Campulung Moldovenesc,Femei_45-64
146539,Municipiul Falticeni,Femei_45-64
146584,Oras Gura Humorului,Femei_45-64
146628,Municipiul Radauti,Femei_45-64
146655,Oras Siret,Barbati_45-64
146708,Oras Solca,Barbati_45-64
146744,Municipiul Vatra Dornei,Femei_45-64
146799,Adancata,Barbati_45-64
146860,Arbore,Barbati_45-64
146904,Baia,Femei_45-64
146931,Oras Milisauti,Barbati_45-64
146995,Balcauti,Barbati_45-64
147036,Bilca,Barbati_45-64
147054,Bogdanesti,Barbati_45-64
147072,Boroaia,Barbati_45-64
147134,Bosanci,Barbati_45-64
147161,Botosana,Barbati_45-64
147205,Breaza,Barbati_45-64
147241,Brodina,Barbati_45-64
147358,Oras Brosteni,Barbati_45-64
147465,Bunesti,Barbati_45-64
147526,Cacica,Femei_45-64
147580,Calafindesti,Barbati_45-64
147633,Oras Cajvana,Barbati_45-64
147660,Ilisesti,Barbati_45-64
147713,Carlibaba,Barbati_45-64
147786,Cornu Luncii,Femei_45-64
147884,Crucea,Barbati_45-64
147937,Darmanesti,Barbati_45-64
148006,Oras Dolhasca,Barbati_45-64
148097,Dolhesti,Barbati_45-64
148131,Dorna-Arini,Barbati_45-64
148202,Dorna Candrenilor,Barbati_45-64
148293,Dornesti,Barbati_45-64
148328,Dragoiesti,Barbati_45-64
148382,Draguseni,Barbati_45-64
148426,Dumbraveni,Barbati_45-64
148453,Fantanele,Barbati_45-64
148514,Forasti,Barbati_45-64
148612,Oras Frasin,Barbati_45-64
148667,Fratautii Noi,Barbati_45-64
148694,Fratautii Vechi,Barbati_45-64
148729,Frumosu,Barbati_45-64
148765,Fundu Moldovei,Barbati_45-64
148872,Galanesti,Barbati_45-64
148916,Gramesti,Barbati_45-64
148970,Granicesti,Barbati_45-64
149049,Horodniceni,Barbati_45-64
149101,Horodnic De Jos,Barbati_45-64
149138,Iacobeni,Barbati_45-64
149183,Izvoarele Sucevei,Barbati_45-64
149227,Oras Liteni,Barbati_45-64
149290,Marginea,Barbati_45-64
149316,Malini,Barbati_45-64
149370,Manastirea Humorului,Barbati_45-64
149414,Moara,Barbati_45-64
149502,Moldova-Sulita,Barbati_45-64
149539,Moldovita,Barbati_45-64
149584,Musenita,Barbati_45-64
149655,Ostra,Femei_45-64
149682,Panaci,Barbati_45-64
149753,Paltinoasa,Barbati_45-64
149780,Partestii De Jos,Barbati_45-64
149833,Patrauti,Barbati_45-64
149851,Poiana Stampei,Barbati_45-64
149931,Pojorata,Barbati_45-64
149968,Preutesti,Barbati_45-64
150043,Putna,Barbati_45-64
150070,Radaseni,Barbati_45-64
150114,Rasca,Barbati_45-64
150178,Sadova,Barbati_45-64
150196,Satu Mare,Barbati_45-64
150221,Siminicea,Barbati_45-64
150258,Slatina,Barbati_45-64
150294,Straja,Femei_45-64
150310,Stroiesti,Barbati_45-64
150356,Stulpicani,Barbati_45-64
150418,Sucevita,Femei_45-64
150445,Saru Dornei,Barbati_45-64
150524,Todiresti,Barbati_45-64
150588,Udesti,Barbati_45-64
150702,Ulma,Barbati_45-64
150766,Vadu Moldovei,Femei_45-64
150891,Valea Moldovei,Barbati_45-64
150935,Vama,Barbati_45-64
150980,Vatra Moldovitei,Barbati_45-64
151022,Veresti,Barbati_45-64
151077,Vicovu De Jos,Barbati_45-64
151095,Oras Vicovu De Sus,Barbati_45-64
151120,Volovat,Barbati_45-64
151157,Vulturesti,Barbati_45-64
151246,Zamostea,Barbati_45-64
151344,Zvoristea,Barbati_45-64
151433,Comanesti,Barbati_45-64
151442,Iaslovat,Barbati_45-64
151451,Ciocanesti,Barbati_45-64
151460,Serbauti,Barbati_45-64
151479,Horodnic De Sus,Barbati_45-64
151488,Fantana Mare,Barbati_45-64
151497,Cosna,Barbati_45-64
151503,Capu Campului,Barbati_45-64
151512,Hantesti,Barbati_45-64
151521,Burla,Barbati_45-64
151530,Balaceana,Barbati_45-64
151549,Hartop,Barbati_45-64
151558,Voitinel,Barbati_45-64
151567,Ciprian Porumbescu,Barbati_45-64
151576,Berchisesti,Barbati_45-64
151585,Poieni-Solca,Barbati_45-64
151683,Municipiul Turnu Magurele,Barbati_45-64
151709,Ciuperceni,Femei_65_
151736,Islaz,Barbati_45-64
151763,Lita,Barbati_45-64
151790,Municipiul Alexandria,Barbati_45-64
151816,Nanov,Barbati_45-64
151834,Poroschia,Barbati_45-64
151870,Municipiul Rosiori De Vede,Barbati_45-64
151905,Oras Videle,Barbati_45-64
151932,Crevenicu,Barbati_45-64
151978,Oras Zimnicea,Femei_45-64
151996,Balaci,Femei_65_
152038,Babaita,Barbati_45-64
152083,Blejesti,Barbati_45-64
152127,Bogdana,Femei_65_
152172,Botoroaga,Femei_65_
152234,Bragadiru,Barbati_45-64
152252,Branceni,Barbati_45-64
152270,Bujoreni,Barbati_45-64
152314,Bujoru,Barbati_45-64
152332,Buzescu,Barbati_45-64
152350,Calinesti,Femei_65_
152412,Calmatuiu,Barbati_45-64
152467,Calmatuiu De Sus,Barbati_45-64
152500,Cervenia,Barbati_65_
152528,Ciolanesti,Femei_65_
152564,Contesti,Femei_65_
152582,Cosmesti,Barbati_45-64
152617,Crangeni,Barbati_45-64
152662,Crangu,Barbati_45-64
152724,Didesti,Barbati_45-64
152760,Dobrotesti,Barbati_45-64
152797,Dracsenei,Femei_65_
152868,Draganesti De Vede,Barbati_45-64
152902,Draganesti-Vlasca,Barbati_45-64
152948,Furculesti,Barbati_45-64
152993,Frumoasa,Barbati_45-64
153026,Galateni,Barbati_45-64
153062,Gratia,Barbati_45-64
153106,Izvoarele,Barbati_45-64
153124,Lisa,Barbati_45-64
153151,Lunca,Barbati_45-64
153204,Mavrodin,Barbati_45-64
153240,Magura,Barbati_45-64
153277,Maldaeni,Barbati_45-64
153295,Mereni,Barbati_45-64
153339,Marzanesti,Barbati_45-64
153384,Mosteni,Femei_65_
153400,Nasturelu,Barbati_45-64
153437,Necsesti,Femei_65_
153473,Olteni,Barbati_45-64
153507,Orbeasca,Barbati_45-64
153543,Peretu,Barbati_45-64
153561,Piatra,Barbati_45-64
153589,Pietrosani,Barbati_45-64
153605,Plosca,Barbati_45-64
153623,Plopii-Slavitesti,Femei_65_
153696,Poeni,Barbati_45-64
153776,Vitanesti,Barbati_45-64
153829,Putineiu,Barbati_45-64
153865,Radoiesti,Barbati_45-64
153909,Rasmiresti,Barbati_45-64
153936,Salcia,Femei_65_
153972,Saceni,Femei_65_
154013,Scrioastea,Barbati_45-64
154068,Scurtu Mare,Barbati_45-64
154139,Seaca,Barbati_45-64
154166,Sfintesti,Barbati_45-64
154184,Segarcea-Vale,Barbati_45-64
154228,Silistea,Barbati_45-64
154282,Silistea-Gumesti,Barbati_45-64
154308,Sarbeni,Barbati_45-64
154344,Slobozia Mandra,Barbati_65_
154380,Smardioasa,Barbati_45-64
154415,Stejaru,Femei_65_
154460,Suhaia,Barbati_45-64
154497,Storobaneasa,Barbati_65_
154521,Talpa,Femei_65_
154585,Tatarastii De Jos,Barbati_45-64
154665,Tatarastii De Sus,Barbati_45-64
154709,Toporu,Femei_65_
154736,Traian,Femei_65_
154754,Trivalea-Mosteni,Barbati_45-64
154790,Troianul,Barbati_45-64
154834,Tiganesti,Barbati_45-64
154852,Vedea,Barbati_45-64
154914,Viisoara,Barbati_45-64
154932,Vartoape,Barbati_45-64
154978,Zambreasca,Barbati_65_
154996,Nenciulesti,Barbati_45-64
155083,Beciu,Barbati_45-64
155092,Beuca,Barbati_45-64
155109,Dracea,Femei_65_
155118,Fantanele,Barbati_45-64
155127,Frasinet,Barbati_45-64
155136,Purani,Barbati_45-64
155145,Saelele,Barbati_45-64
155154,Uda-Clocociov,Femei_65_
155243,Municipiul Timisoara,Barbati_45-64
155261,Dumbravita,Barbati_35-44
155289,Ghiroda,Barbati_45-64
155314,Giroc,Barbati_35-44
155350,Municipiul Lugoj,Barbati_45-64
155403,Oras Buzias,Barbati_45-64
155458,Oras Deta,Barbati_45-64
155494,Oras Jimbolia,Barbati_45-64
155528,Oras Sannicolau Mare,Barbati_45-64
155546,Balint,Barbati_45-64
155591,Banloc,Barbati_45-64
155662,Bara,Femei_45-64
155724,Beba Veche,Barbati_45-64
155760,Becicherecu Mic,Barbati_45-64
155797,Belint,Barbati_45-64
155840,Bethausen,Barbati_45-64
155911,Biled,Barbati_45-64
155957,Barna,Barbati_45-64
156035,Bogda,Femei_65_
156106,Boldur,Barbati_45-64
156151,Brestovat,Barbati_45-64
156213,Carpinis,Barbati_45-64
156259,Cenad,Barbati_45-64
156277,Cenei,Barbati_45-64
156311,Cheveresu Mare,Barbati_45-64
156357,Oras Ciacova,Barbati_45-64
156437,Comlosu Mare,Barbati_45-64
156473,Costeiu,Barbati_45-64
156534,Criciova,Barbati_45-64
156589,Curtea,Femei_45-64
156623,Darova,Barbati_45-64
156669,Denta,Barbati_45-64
156712,Dudestii Vechi,Barbati_45-64
156767,Dumbrava,Barbati_45-64
156801,Oras Faget,Barbati_45-64
156927,Fardea,Barbati_45-64
157004,Foeni,Barbati_45-64
157031,Gavojdia,Barbati_45-64
157086,Oras Gataia,Barbati_45-64
157193,Ghizela,Barbati_45-64
157246,Giarmata,Barbati_45-64
157273,Giera,Barbati_45-64
157317,Giulvaz,Barbati_45-64
157362,Jamu Mare,Barbati_45-64
157424,Jebel,Barbati_45-64
157451,Lenauheim,Barbati_45-64
157497,Liebling,Barbati_45-64
157530,Lovrin,Barbati_45-64
157585,Margina,Barbati_45-64
157683,Masloc,Barbati_45-64
157736,Manastiur,Barbati_45-64
157781,Moravita,Barbati_45-64
157834,Mosnita Noua,Barbati_35-44
157898,Nadrag,Barbati_45-64
157923,Nitchidorf,Barbati_45-64
157969,Ohaba Lunga,Femei_45-64
158010,Ortisoara,Barbati_45-64
158065,Peciu Nou,Barbati_45-64
158109,Periam,Barbati_45-64
158136,Pietroasa,Barbati_45-64
158181,Pischia,Barbati_45-64
158243,Racovita,Barbati_45-64
158314,Oras Recas,Barbati_45-64
158396,Remetea Mare,Barbati_45-64
158449,Sacosu Turcesc,Barbati_45-64
158528,Satchinez,Barbati_45-64
158564,Sacalaz,Barbati_45-64
158608,Secas,Barbati_45-64
158653,Sanandrei,Barbati_45-64
158699,Sanmihaiu Roman,Barbati_45-64
158733,Sanpetru Mare,Barbati_45-64
158779,Sag,Barbati_45-64
158804,Stiuca,Barbati_45-64
158859,Teremia Mare,Barbati_45-64
158895,Tomesti,Barbati_45-64
158966,Topolovatu Mare,Barbati_45-64
159035,Tormac,Barbati_45-64
159071,Traian Vuia,Barbati_45-64
159142,Uivar,Barbati_45-64
159213,Varias,Barbati_45-64
159259,Victor Vlad Delamarina,Barbati_45-64
159339,Voiteg,Barbati_45-64
159366,Birda,Barbati_45-64
159375,Checea,Barbati_45-64
159384,Dudestii Noi,Barbati_45-64
159393,Fibis,Barbati_45-64
159400,Ghilad,Barbati_45-64
159419,Gottlob,Barbati_45-64
159428,Iecea Mare,Barbati_45-64
159437,Parta,Barbati_45-64
159446,Padureni,Barbati_45-64
159455,Saravale,Barbati_45-64
159464,Sandra,Barbati_45-64
159473,Tomnatic,Barbati_45-64
159482,Valcani,Barbati_45-64
159491,Livezile,Femei_45-64
159507,Pesac,Barbati_45-64
159516,Bucovat,Barbati_45-64
159525,Otelec,Barbati_45-64
159614,Municipiul Tulcea,Femei_45-64
159650,Oras Babadag,Barbati_45-64
159687,Oras Isaccea,Femei_45-64
159730,Oras Macin,Barbati_45-64
159767,Oras Sulina,Barbati_45-64
159785,Baia,Barbati_45-64
159847,Beidaud,Barbati_45-64
159883,C.a. Rosetti,Barbati_45-64
159945,Carcaliu,Barbati_65_
159963,Casimcea,Barbati_45-64
160047,Ceatalchioi,Barbati_45-64
160092,Ceamurlia De Jos,Barbati_45-64
160127,Cerna,Barbati_45-64
160172,Chilia Veche,Barbati_45-64
160225,Ciucurova,Barbati_45-64
160261,Crisan,Barbati_45-64
160305,Daeni,Barbati_45-64
160323,Dorobantu,Barbati_45-64
160387,Frecatei,Barbati_45-64
160430,Greci,Barbati_45-64
160458,Grindu,Barbati_45-64
160476,Hamcearca,Barbati_45-64
160528,Horia,Barbati_45-64
160564,Izvoarele,Barbati_65_
160617,Jijila,Barbati_45-64
160644,Jurilovca,Barbati_45-64
160680,Luncavita,Barbati_45-64
160724,Mahmudia,Barbati_45-64
160779,Maliuc,Barbati_45-64
160831,Mihai Bravu,Barbati_45-64
160877,Mihail Kogalniceanu,Barbati_45-64
160911,Murighiol,Femei_45-64
160993,Nalbant,Barbati_45-64
161035,Niculitel,Barbati_45-64
161053,Nufaru,Barbati_45-64
161106,Ostrov,Barbati_45-64
161133,Pardina,Barbati_45-64
161151,Peceneaga,Barbati_45-64
161179,Sarichioi,Barbati_45-64
161231,Sfantu Gheorghe,Barbati_45-64
161259,Slava Cercheza,Barbati_45-64
161286,Smardan,Barbati_45-64
161302,Somova,Barbati_45-64
161348,Stejaru,Barbati_45-64
161384,Topolog,Barbati_45-64
161464,Turcoaia,Barbati_45-64
161482,Valea Nucarilor,Barbati_45-64
161525,I.c.bratianu,Barbati_45-64
161543,Vacareni,Barbati_45-64
161552,Bestepe,Barbati_45-64
161561,Valea Teilor,Barbati_45-64
161794,Municipiul Barlad,Femei_45-64
161829,Municipiul Husi,Femei_45-64
161856,Oras Negresti,Barbati_45-64
161945,Municipiul Vaslui,Femei_45-64
162014,Albesti,Barbati_45-64
162069,Alexandru Vlahuta,Barbati_45-64
162149,Arsura,Barbati_45-64
162194,Banca,Barbati_45-64
162327,Bacani,Barbati_45-64
162381,Bacesti,Barbati_45-64
162452,Balteni,Barbati_45-64
162498,Berezeni,Barbati_45-64
162559,Blagesti,Barbati_45-64
162595,Bogdana,Barbati_45-64
162693,Bogdanesti,Barbati_45-64
162791,Bogdanita,Barbati_45-64
162871,Botesti,Barbati_45-64
162924,Bunesti-Averesti,Barbati_45-64
163002,Codaesti,Barbati_45-64
163057,Coroiesti,Barbati_45-64
163137,Costesti,Barbati_45-64
163208,Cretesti,Barbati_45-64
163253,Danesti,Barbati_45-64
163324,Deleni,Barbati_45-64
163379,Delesti,Barbati_45-64
163486,Dragomiresti,Barbati_45-64
163618,Dranceni,Barbati_45-64
163681,Duda-Epureni,Barbati_45-64
163734,Dumesti,Barbati_45-64
163789,Epureni,Barbati_45-64
163832,Falciu,Barbati_45-64
163903,Gagesti,Barbati_45-64
163967,Gherghesti,Barbati_45-64
164062,Garceni,Barbati_45-64
164133,Grivita,Barbati_45-64
164197,Hoceni,Barbati_45-64
164277,Dimitrie Cantemir,Barbati_45-64
164339,Iana,Barbati_45-64
164393,Ivanesti,Barbati_45-64
164543,Ivesti,Barbati_45-64
164598,Laza,Barbati_45-64
164687,Lipovat,Barbati_45-64
164749,Lunca Banului,Barbati_45-64
164829,Malusteni,Barbati_45-64
164892,Miclesti,Barbati_45-64
164936,Muntenii De Jos,Barbati_45-64
164981,Oras Murgeni,Barbati_45-64
165069,Oltenesti,Barbati_45-64
165130,Osesti,Barbati_45-64
165185,Padureni,Barbati_45-64
165274,Perieni,Barbati_45-64
165336,Poienesti,Barbati_45-64
165416,Pogana,Barbati_45-64
165470,Puiesti,Barbati_45-64
165611,Pungesti,Barbati_45-64
165719,Rebricea,Barbati_45-64
165817,Rosiesti,Barbati_45-64
165899,Solesti,Barbati_45-64
165979,Stanilesti,Barbati_45-64
166057,Stefan Cel Mare,Barbati_45-64
166137,Suletea,Barbati_45-64
166182,Tanacu,Barbati_45-64
166235,Tacuta,Barbati_45-64
166315,Tatarani,Barbati_45-64
166413,Todiresti,Barbati_45-64
166529,Tutova,Barbati_45-64
166636,Valeni,Barbati_45-64
166672,Vetrisoaia,Femei_65_
166707,Viisoara,Barbati_45-64
166770,Vinderei,Barbati_45-64
166869,Voinesti,Barbati_45-64
166985,Vulturesti,Barbati_45-64
167035,Vutcani,Barbati_45-64
167071,Zapodeni,Barbati_45-64
167179,Zorleni,Barbati_45-64
167222,Ibanesti,Barbati_45-64
167231,Fruntiseni,Barbati_45-64
167240,Rafaila,Barbati_45-64
167259,Pogonesti,Barbati_45-64
167268,Ciocani,Barbati_45-64
167277,Cozmesti,Barbati_45-64
167286,Dodesti,Barbati_45-64
167295,Feresti,Barbati_45-64
167302,Muntenii De Sus,Barbati_45-64
167311,Pochidia,Barbati_45-64
167320,Puscasi,Barbati_45-64
167473,Municipiul Ramnicu Valcea,Femei_45-64
167641,Oras Baile Govora,Barbati_45-64
167696,Oras Baile Olanesti,Barbati_45-64
167794,Oras Brezoi,Barbati_45-64
167909,Oras Calimanesti,Femei_45-64
167981,Municipiul Dragasani,Femei_45-64
168041,Oras Horezu,Femei_45-64
168130,Oras Ocnele Mari,Barbati_45-64
168229,Alunu,Barbati_45-64
168309,Amarasti,Barbati_45-64
168372,Oras Babeni,Barbati_45-64
168452,Oras Balcesti,Barbati_45-64
168559,Barbatesti,Barbati_45-64
168602,Oras Berbesti,Barbati_45-64
168675,Berislavesti,Barbati_45-64
168755,Boisoara,Barbati_45-64
168791,Budesti,Barbati_45-64
168880,Bujoreni,Barbati_45-64
168960,Bunesti,Barbati_45-64
169039,Cernisoara,Barbati_45-64
169119,Caineni,Barbati_45-64
169182,Copaceni,Barbati_45-64
169253,Costesti,Barbati_45-64
169306,Creteni,Barbati_45-64
169351,Daesti,Barbati_45-64
169404,Danicei,Barbati_45-64
169547,Dragoesti,Barbati_45-64
169583,Fauresti,Barbati_45-64
169681,Fartatesti,Barbati_45-64
169896,Francesti,Barbati_45-64
169994,Galicea,Barbati_45-64
170097,Ghioroiu,Barbati_45-64
170168,Glavile,Barbati_65_
170220,Golesti,Barbati_45-64
170346,Gradistea,Barbati_45-64
170444,Gusoeni,Barbati_45-64
170514,Ionesti,Barbati_45-64
170612,Lalosu,Barbati_45-64
170685,Ladesti,Barbati_45-64
170792,Lapusata,Barbati_45-64
170872,Livezi,Barbati_45-64
170952,Lungesti,Barbati_45-64
171021,Malaia,Barbati_45-64
171067,Mateesti,Barbati_45-64
171101,Maciuca,Barbati_45-64
171209,Madulari,Femei_65_
171272,Maldaresti,Barbati_45-64
171325,Mihaesti,Barbati_45-64
171469,Milcoiu,Barbati_45-64
171539,Muereasca,Barbati_45-64
171628,Nicolae Balcescu,Barbati_45-64
171806,Olanu,Barbati_45-64
171879,Orlesti,Barbati_45-64
171931,Otesani,Barbati_45-64
171995,Pausesti,Barbati_45-64
172082,Pausesti-Maglasi,Barbati_45-64
172153,Perisani,Barbati_45-64
172279,Pesceana,Barbati_45-64
172340,Pietrari,Barbati_45-64
172377,Popesti,Barbati_45-64
172457,Prundeni,Barbati_45-64
172509,Racovita,Barbati_45-64
172581,Roesti,Barbati_45-64
172698,Rosiile,Barbati_45-64
172812,Runcu,Barbati_45-64
172894,Salatrucel,Barbati_45-64
172947,Scundu,Barbati_45-64
172992,Sinesti,Barbati_45-64
173061,Slatioara,Barbati_45-64
173132,Stanesti,Barbati_45-64
173230,Stoenesti,Barbati_45-64
173374,Stoilesti,Barbati_45-64
173533,Stroesti,Barbati_45-64
173597,Sutesti,Barbati_45-64
173686,Sirineasa,Barbati_45-64
173748,Stefanesti,Barbati_45-64
173793,Susani,Barbati_45-64
173855,Tetoiu,Barbati_45-64
173935,Tomsani,Barbati_45-64
174021,Vaideeni,Barbati_45-64
174085,Valea Mare,Barbati_45-64
174156,Vladesti,Barbati_45-64
174218,Voicesti,Barbati_45-64
174254,Voineasa,Barbati_45-64
174290,Zatreni,Barbati_45-64
174496,Titesti,Femei_65_
174502,Diculesti,Barbati_45-64
174511,Lacusteni,Barbati_45-64
174520,Mitrofani,Barbati_45-64
174744,Municipiul Focsani,Femei_45-64
174780,Campineanca,Barbati_45-64
174824,Golesti,Barbati_45-64
174860,Municipiul Adjud,Femei_45-64
174922,Oras Marasesti,Barbati_45-64
175019,Oras Odobesti,Femei_45-64
175055,Oras Panciu,Femei_45-64
175126,Andreiasu De Jos,Barbati_45-64
175206,Balesti,Femei_65_
175224,Barsesti,Femei_65_
175260,Boghesti,Barbati_45-64
175368,Bolotesti,Barbati_45-64
175439,Bordesti,Barbati_45-64
175466,Brosteni,Barbati_45-64
175509,Chiojdeni,Barbati_45-64
175590,Ciorasti,Femei_65_
175670,Campuri,Barbati_45-64
175732,Carligele,Barbati_45-64
175787,Corbita,Barbati_45-64
175885,Cotesti,Barbati_45-64
175938,Dumbraveni,Barbati_45-64
175983,Dumitresti,Barbati_45-64
176150,Fitionesti,Barbati_45-64
176212,Garoafa,Barbati_45-64
176301,Gugesti,Barbati_45-64
176338,Gura Calitei,Barbati_45-64
176445,Homocea,Barbati_45-64
176506,Jaristea,Barbati_45-64
176551,Jitia,Barbati_45-64
176613,Maicanesti,Femei_65_
176686,Mera,Barbati_45-64
176748,Milcovul,Barbati_45-64
176793,Movilita,Barbati_45-64
176855,Nanesti,Barbati_45-64
176891,Naruja,Barbati_45-64
176944,Nereju,Barbati_45-64
177003,Nistoresti,Barbati_45-64
177101,Paltin,Barbati_45-64
177236,Paunesti,Barbati_45-64
177263,Poiana Cristei,Barbati_45-64
177352,Pufesti,Barbati_45-64
177405,Racoasa,Barbati_45-64
177469,Reghiu,Barbati_45-64
177557,Ruginesti,Barbati_45-64
177600,Sihlea,Barbati_45-64
177655,Slobozia Bradului,Barbati_45-64
177726,Slobozia Ciorasti,Femei_45-64
177762,Soveja,Femei_45-64
177799,Straoane,Barbati_45-64
177842,Suraia,Femei_45-64
177879,Tanasoaia,Barbati_45-64
177986,Tataranu,Barbati_45-64
178046,Tamboesti,Barbati_45-64
178117,Tulnici,Barbati_45-64
178180,Tifesti,Barbati_45-64
178279,Urechesti,Femei_45-64
178313,Valea Sarii,Femei_45-64
178377,Vidra,Barbati_45-64
178475,Vintileasca,Barbati_45-64
178545,Vizantea-Livezi,Femei_65_
178607,Vanatori,Barbati_45-64
178689,Vartescoiu,Barbati_45-64
178750,Vrancioaia,Barbati_45-64
178821,Vulturu,Barbati_65_
178885,Negrilesti,Femei_65_
178894,Ploscuteni,Barbati_45-64
178901,Popesti,Barbati_45-64
178910,Paulesti,Barbati_65_
178929,Biliesti,Barbati_45-64
178938,Gologanu,Barbati_45-64
178947,Obrejita,Barbati_45-64
178956,Rastoaca,Barbati_45-64
178965,Spulber,Barbati_45-64
179132,Municipiul Bucuresti,Femei_45-64
179221,Oras Bragadiru,Barbati_45-64
179249,Chiajna,Barbati_35-44
179285,Oras Chitila,Barbati_45-64
179310,Dobroesti,Barbati_45-64
179347,Glina,Barbati_45-64
179383,Jilava,Barbati_45-64
179409,Oras Magurele,Barbati_45-64
179463,Mogosoaia,Barbati_45-64
179481,Oras Otopeni,Barbati_45-64
179515,Oras Pantelimon,Barbati_45-64
179533,Oras Popesti Leordeni,Barbati_45-64
179551,Oras Voluntari,Barbati_45-64
179588,Copaceni,Barbati_45-64
179604,Poienile Izei,Barbati_45-64
179613,Sieu,Barbati_45-64
179622,Grosii Tiblesului,Barbati_45-64
179631,Treznea,Femei_45-64
179640,Vulcana-Pandele,Femei_45-64
179659,Negrilesti,Barbati_45-64
179677,Camin,Femei_45-64
179686,Dumitrita,Barbati_45-64
179695,Simisna,Femei_65_
179702,Traian,Barbati_45-64
179711,Vladeni,Barbati_45-64
179720,Poiana Ilvei,Barbati_45-64
179739,Malu,Barbati_45-64
179748,Cosoba,Barbati_45-64
179757,Herasti,Barbati_45-64
179766,Isvoarele,Barbati_45-64
179775,Sabareni,Barbati_45-64
179784,Boranesti,Barbati_45-64
179793,Buesti,Barbati_45-64
179800,Maia,Barbati_45-64
179819,Ograda,Barbati_45-64
179828,Rosiori,Barbati_45-64
179837,Coas,Barbati_45-64
179846,Coltau,Barbati_45-64
179855,Gardani,Barbati_45-64
179864,Oncesti,Barbati_45-64
179873,Agris,Barbati_45-64
179882,Ciumesti,Barbati_45-64
179891,Raciu,Barbati_45-64
179908,Pietrari,Barbati_45-64
179917,Rau Alb,Barbati_45-64
179926,Rascaeti,Barbati_45-64
179935,Persinari,Barbati_45-64
179944,Runcu Salvei,Barbati_45-64
179953,Ciceu- Mihaiesti,Barbati_45-64
179962,Galbinasi,Barbati_45-64
179971,Colelia,Femei_65_
179980,Marculesti,Barbati_45-64
179999,Moldoveni,Barbati_45-64
180000,Platonesti,Barbati_45-64
180019,Sarateni,Barbati_45-64
180028,Porumbesti,Barbati_45-64
180037,Boghis,Femei_45-64
180046,Gura Ialomitei,Barbati_45-64
180055,Crivat,Barbati_45-64
180064,Barbulesti,Barbati_45-64
180091,Racsa,Femei_45-64
